sale_date,order_id,region,state,category,product,seller,channel,payment_status,quantity,unit_price,unit_cost
2024-01-01,PED-00268,Norte,AM,Periféricos,Mouse Sem Fio,Carla Souza,Online,Pago,2,191.43,93.78
2024-01-02,PED-00039,Sudeste,RJ,Infraestrutura,Switch Gerenciável,Fernanda Costa,Parceiros,Pago,1,1877.47,1251.44
2024-01-06,PED-00607,Sudeste,SP,Computadores,Desktop Business,Diego Santos,Online,Pendente,5,4062.24,3224.96
2024-01-07,PED-00239,Norte,AM,Serviços,Implantação de Rede,Gustavo Rocha,Loja física,Pago,2,2763.22,1136.73
2024-01-09,PED-01028,Sudeste,RJ,Serviços,Consultoria TI,Fernanda Costa,Loja física,Pago,1,1823.84,493.04
2024-01-10,PED-00032,Sul,RS,Periféricos,Mouse Sem Fio,Bruno Silva,Venda direta,Pago,1,190.23,96.18
2024-01-10,PED-01129,Sudeste,ES,Infraestrutura,Firewall Appliance,Carla Souza,Loja física,Pago,3,4863.11,3553.76
2024-01-11,PED-01310,Centro-Oeste,MS,Computadores,Mini PC,Ana Lima,Online,Pago,4,2682.52,2095.21
2024-01-11,PED-01339,Centro-Oeste,DF,Infraestrutura,Switch Gerenciável,Ana Lima,Parceiros,Pendente,2,1866.61,1193.04
2024-01-13,PED-00236,Sudeste,ES,Computadores,Mini PC,Fernanda Costa,Loja física,Pendente,5,2986.84,2148.47
2024-01-13,PED-00780,Sudeste,SP,Periféricos,Mouse Sem Fio,Diego Santos,Venda direta,Parcelado,2,185.26,93.39
2024-01-13,PED-01205,Sudeste,ES,Serviços,Consultoria TI,Fernanda Costa,Parceiros,Parcelado,1,1937.05,508.97
2024-01-13,PED-01351,Norte,RO,Computadores,Desktop Business,Gustavo Rocha,Online,Parcelado,5,4506.37,3335.37
2024-01-14,PED-00838,Nordeste,CE,Serviços,Implantação de Rede,Carla Souza,Venda direta,Pendente,2,3000.59,1152.08
2024-01-14,PED-01009,Centro-Oeste,MS,Serviços,Suporte Remoto,Fernanda Costa,Parceiros,Pago,2,429.59,117.45
2024-01-14,PED-01270,Sul,SC,Periféricos,Mouse Sem Fio,Carla Souza,Online,Pendente,4,174.78,94.91
2024-01-14,PED-01390,Sudeste,SP,Computadores,Desktop Business,Carla Souza,Online,Pago,3,4474.76,3130.38
2024-01-15,PED-00590,Sul,PR,Infraestrutura,Access Point,Ana Lima,Online,Pago,4,1005.06,641.81
2024-01-16,PED-00109,Sudeste,RJ,Infraestrutura,Access Point,Diego Santos,Online,Pago,2,957.61,602.27
2024-01-16,PED-01076,Sudeste,MG,Computadores,Notebook Pro,Ana Lima,Parceiros,Pago,5,5103.36,3944.45
2024-01-16,PED-01119,Centro-Oeste,GO,Computadores,Mini PC,Fernanda Costa,Parceiros,Pago,5,2942.71,2003.85
2024-01-17,PED-00485,Sudeste,MG,Computadores,Desktop Business,Gustavo Rocha,Parceiros,Parcelado,2,4171.32,3162.69
2024-01-17,PED-00609,Sudeste,MG,Periféricos,Mouse Sem Fio,Ana Lima,Venda direta,Pendente,4,190.82,97.59
2024-01-17,PED-00923,Sudeste,SP,Serviços,Consultoria TI,Fernanda Costa,Loja física,Pendente,2,1911.25,508.54
2024-01-18,PED-01078,Sudeste,ES,Computadores,Desktop Business,Diego Santos,Online,Parcelado,4,4425.92,3232.3
2024-01-18,PED-01122,Norte,RO,Serviços,Implantação de Rede,Ana Lima,Venda direta,Pago,1,2809.29,1113.21
2024-01-20,PED-00643,Nordeste,RN,Computadores,Notebook Pro,Fernanda Costa,Online,Pendente,1,4911.87,3975.59
2024-01-22,PED-01020,Sul,SC,Computadores,Notebook Pro,Fernanda Costa,Online,Pendente,1,5320.44,4084.31
2024-01-23,PED-00095,Norte,RO,Serviços,Implantação de Rede,Gustavo Rocha,Online,Parcelado,1,2853.84,1123.89
2024-01-23,PED-00718,Sul,PR,Serviços,Implantação de Rede,Bruno Silva,Loja física,Pago,2,2639.69,1100.5
2024-01-23,PED-01179,Sul,RS,Infraestrutura,Firewall Appliance,Ana Lima,Loja física,Parcelado,1,5074.37,3496.53
2024-01-25,PED-01383,Sudeste,RJ,Periféricos,Teclado Mecânico,Gustavo Rocha,Parceiros,Pendente,2,424.18,256.2
2024-01-27,PED-00164,Sudeste,MG,Serviços,Consultoria TI,Carla Souza,Venda direta,Pendente,1,1846.21,483.88
2024-01-27,PED-01063,Nordeste,PE,Serviços,Consultoria TI,Diego Santos,Loja física,Pendente,1,1831.23,482.35
2024-01-27,PED-01238,Sudeste,RJ,Serviços,Suporte Remoto,Diego Santos,Online,Pago,2,450.63,117.35
2024-01-27,PED-01371,Centro-Oeste,MT,Serviços,Suporte Remoto,Gustavo Rocha,Parceiros,Pago,2,461.62,123.41
2024-01-28,PED-00242,Norte,AM,Periféricos,Teclado Mecânico,Diego Santos,Venda direta,Pago,3,443.68,241.56
2024-01-28,PED-00633,Nordeste,PE,Infraestrutura,Switch Gerenciável,Carla Souza,Venda direta,Pago,4,1675.42,1223.92
2024-01-28,PED-00662,Nordeste,CE,Serviços,Suporte Remoto,Carla Souza,Online,Pago,2,444.74,119.06
2024-01-29,PED-00307,Centro-Oeste,MT,Periféricos,Mouse Sem Fio,Diego Santos,Parceiros,Pago,2,190.28,98.13
2024-01-29,PED-00336,Sudeste,RJ,Periféricos,Monitor 27,Diego Santos,Online,Pago,2,1500.57,964.53
2024-01-30,PED-00250,Centro-Oeste,GO,Serviços,Consultoria TI,Bruno Silva,Parceiros,Pago,2,1789.99,511.71
2024-01-30,PED-01111,Sudeste,RJ,Serviços,Suporte Remoto,Diego Santos,Venda direta,Pendente,2,439.48,118.63
2024-01-31,PED-00232,Centro-Oeste,MS,Serviços,Suporte Remoto,Bruno Silva,Venda direta,Pago,2,457.84,119.25
2024-01-31,PED-00301,Sudeste,ES,Periféricos,Teclado Mecânico,Diego Santos,Loja física,Pago,2,448.21,246.19
2024-02-02,PED-00205,Sudeste,RJ,Periféricos,Mouse Sem Fio,Diego Santos,Venda direta,Pendente,4,178.99,99.02
2024-02-03,PED-00159,Centro-Oeste,MS,Infraestrutura,Switch Gerenciável,Fernanda Costa,Parceiros,Pendente,4,1835.62,1216.41
2024-02-03,PED-00334,Sudeste,MG,Periféricos,Teclado Mecânico,Gustavo Rocha,Online,Pago,3,444.11,251.87
2024-02-03,PED-00382,Sudeste,ES,Computadores,Mini PC,Fernanda Costa,Venda direta,Pago,5,2976.96,2109.19
2024-02-04,PED-00430,Nordeste,PE,Periféricos,Mouse Sem Fio,Bruno Silva,Online,Pago,1,178.62,96.99
2024-02-06,PED-01016,Sudeste,RJ,Computadores,Mini PC,Gustavo Rocha,Venda direta,Pendente,1,2745.46,2135.1
2024-02-07,PED-00087,Sul,RS,Infraestrutura,Access Point,Ana Lima,Loja física,Pendente,4,936.75,647.29
2024-02-07,PED-01154,Norte,RO,Serviços,Suporte Remoto,Gustavo Rocha,Parceiros,Pago,1,486.58,120.13
2024-02-08,PED-00561,Sudeste,MG,Computadores,Mini PC,Gustavo Rocha,Parceiros,Pendente,4,3015.02,1986.74
2024-02-09,PED-01128,Nordeste,RN,Periféricos,Mouse Sem Fio,Fernanda Costa,Venda direta,Pendente,5,181.84,97.8
2024-02-10,PED-01100,Norte,RO,Periféricos,Monitor 27,Bruno Silva,Parceiros,Parcelado,4,1535.06,944.96
2024-02-11,PED-00480,Centro-Oeste,MT,Computadores,Notebook Pro,Fernanda Costa,Venda direta,Pago,5,4968.62,4006.53
2024-02-11,PED-01267,Sudeste,MG,Computadores,Mini PC,Gustavo Rocha,Venda direta,Pago,4,2804.55,2003.08
2024-02-12,PED-00033,Sudeste,SP,Infraestrutura,Access Point,Fernanda Costa,Venda direta,Parcelado,2,1014.73,616.17
2024-02-12,PED-00169,Nordeste,BA,Computadores,Notebook Pro,Fernanda Costa,Venda direta,Parcelado,5,5090.83,3825.63
2024-02-12,PED-00729,Sudeste,RJ,Computadores,Notebook Pro,Diego Santos,Venda direta,Pago,3,5012.32,3854.23
2024-02-13,PED-00326,Sudeste,ES,Periféricos,Mouse Sem Fio,Gustavo Rocha,Online,Pago,2,190.6,93.59
2024-02-13,PED-01117,Sul,SC,Computadores,Notebook Pro,Diego Santos,Venda direta,Pago,2,4922.42,4015.23
2024-02-13,PED-01376,Sul,PR,Periféricos,Monitor 27,Gustavo Rocha,Venda direta,Pago,5,1430.71,976.93
2024-02-14,PED-00140,Sudeste,RJ,Serviços,Consultoria TI,Bruno Silva,Loja física,Pago,2,1885.37,516.3
2024-02-14,PED-00933,Centro-Oeste,GO,Serviços,Consultoria TI,Bruno Silva,Parceiros,Parcelado,2,1846.79,511.6
2024-02-15,PED-00496,Nordeste,PE,Periféricos,Mouse Sem Fio,Ana Lima,Online,Pago,3,173.48,97.62
2024-02-15,PED-00823,Sudeste,SP,Infraestrutura,Switch Gerenciável,Fernanda Costa,Venda direta,Pendente,5,1802.16,1221.9
2024-02-16,PED-00373,Nordeste,RN,Periféricos,Mouse Sem Fio,Bruno Silva,Online,Pendente,4,172.24,96.62
2024-02-17,PED-00792,Nordeste,PE,Infraestrutura,Access Point,Carla Souza,Loja física,Parcelado,3,957.02,631.58
2024-02-18,PED-00726,Norte,AM,Infraestrutura,Switch Gerenciável,Fernanda Costa,Online,Pago,2,1691.18,1247.31
2024-02-18,PED-00739,Nordeste,BA,Serviços,Implantação de Rede,Gustavo Rocha,Loja física,Pago,1,2815.25,1155.62
2024-02-19,PED-00637,Sudeste,SP,Periféricos,Mouse Sem Fio,Bruno Silva,Parceiros,Pago,2,188.85,96.51
2024-02-19,PED-01005,Norte,PA,Infraestrutura,Switch Gerenciável,Gustavo Rocha,Loja física,Pago,5,1842.63,1195.38
2024-02-20,PED-00297,Centro-Oeste,MT,Periféricos,Monitor 27,Fernanda Costa,Loja física,Pago,4,1539.56,991.81
2024-02-21,PED-00190,Centro-Oeste,GO,Periféricos,Monitor 27,Ana Lima,Loja física,Pago,1,1449.79,1006.08
2024-02-21,PED-01174,Nordeste,CE,Infraestrutura,Switch Gerenciável,Ana Lima,Parceiros,Pago,3,1813.99,1237.29
2024-02-22,PED-00069,Sudeste,ES,Computadores,Notebook Pro,Gustavo Rocha,Online,Pago,4,5256.48,3954.43
2024-02-23,PED-00778,Sudeste,ES,Serviços,Suporte Remoto,Gustavo Rocha,Online,Pendente,2,438.56,121.92
2024-02-23,PED-01137,Sul,SC,Serviços,Consultoria TI,Ana Lima,Loja física,Parcelado,2,1777.98,503.52
2024-02-24,PED-01152,Sudeste,MG,Periféricos,Teclado Mecânico,Bruno Silva,Parceiros,Pago,2,428.88,249.81
2024-02-24,PED-01386,Sudeste,RJ,Serviços,Consultoria TI,Ana Lima,Parceiros,Pago,2,1714.6,499.78
2024-02-25,PED-00320,Sudeste,ES,Computadores,Desktop Business,Bruno Silva,Loja física,Pago,5,4339.82,3106.13
2024-02-25,PED-00384,Sul,SC,Periféricos,Mouse Sem Fio,Gustavo Rocha,Parceiros,Parcelado,4,190.5,99.19
2024-02-25,PED-00395,Sul,SC,Computadores,Mini PC,Diego Santos,Venda direta,Pendente,2,2995.08,2047.29
2024-02-25,PED-00544,Sul,SC,Periféricos,Mouse Sem Fio,Gustavo Rocha,Venda direta,Parcelado,5,192.04,96.78
2024-02-26,PED-00584,Centro-Oeste,DF,Infraestrutura,Firewall Appliance,Carla Souza,Loja física,Pago,3,4575.2,3511.8
2024-02-26,PED-00675,Nordeste,BA,Infraestrutura,Firewall Appliance,Diego Santos,Parceiros,Pago,3,5104.93,3650.97
2024-02-26,PED-01222,Norte,AM,Periféricos,Teclado Mecânico,Bruno Silva,Parceiros,Pago,3,396.74,256.36
2024-03-01,PED-00865,Norte,AM,Periféricos,Mouse Sem Fio,Bruno Silva,Online,Pago,2,191.33,99.59
2024-03-02,PED-00447,Sul,SC,Serviços,Consultoria TI,Carla Souza,Parceiros,Parcelado,1,1812.58,497.04
2024-03-02,PED-00604,Sudeste,SP,Serviços,Implantação de Rede,Carla Souza,Loja física,Parcelado,2,2709.91,1094.37
2024-03-03,PED-00212,Sudeste,RJ,Serviços,Consultoria TI,Gustavo Rocha,Venda direta,Parcelado,2,1710.63,497.48
2024-03-03,PED-00324,Nordeste,RN,Serviços,Consultoria TI,Gustavo Rocha,Online,Parcelado,1,1819.27,485.49
2024-03-04,PED-00050,Sul,SC,Serviços,Consultoria TI,Diego Santos,Venda direta,Pago,1,1915.53,516.51
2024-03-04,PED-00323,Sul,RS,Computadores,Notebook Pro,Fernanda Costa,Loja física,Parcelado,3,5498.26,3904.87
2024-03-04,PED-00777,Nordeste,RN,Computadores,Desktop Business,Gustavo Rocha,Online,Parcelado,5,4436.64,3103.31
2024-03-05,PED-00587,Nordeste,CE,Serviços,Consultoria TI,Carla Souza,Online,Pago,2,1943.32,482.66
2024-03-06,PED-00011,Sudeste,ES,Infraestrutura,Firewall Appliance,Fernanda Costa,Parceiros,Pago,1,4989.03,3409.67
2024-03-06,PED-00017,Sudeste,RJ,Periféricos,Monitor 27,Ana Lima,Online,Pago,1,1512.72,949.78
2024-03-06,PED-01051,Sul,SC,Computadores,Notebook Pro,Gustavo Rocha,Online,Pago,1,5230.27,3890.89
2024-03-07,PED-01148,Sul,RS,Periféricos,Mouse Sem Fio,Carla Souza,Loja física,Parcelado,3,172.0,95.37
2024-03-08,PED-00550,Sudeste,ES,Serviços,Consultoria TI,Gustavo Rocha,Online,Parcelado,2,1836.54,492.59
2024-03-08,PED-01217,Nordeste,CE,Computadores,Desktop Business,Bruno Silva,Loja física,Pago,3,4443.71,3240.02
2024-03-09,PED-00209,Sul,PR,Serviços,Consultoria TI,Diego Santos,Loja física,Parcelado,1,1760.69,483.92
2024-03-09,PED-00248,Sudeste,SP,Computadores,Desktop Business,Gustavo Rocha,Loja física,Parcelado,1,4467.44,3131.81
2024-03-09,PED-00668,Sudeste,ES,Serviços,Suporte Remoto,Carla Souza,Parceiros,Pendente,2,475.02,122.73
2024-03-10,PED-00278,Sul,PR,Computadores,Notebook Pro,Fernanda Costa,Venda direta,Pendente,4,5277.84,3980.49
2024-03-10,PED-00916,Sudeste,SP,Periféricos,Mouse Sem Fio,Ana Lima,Online,Pago,3,187.5,92.67
2024-03-12,PED-00579,Sudeste,RJ,Serviços,Suporte Remoto,Diego Santos,Loja física,Parcelado,2,431.55,121.52
2024-03-13,PED-00018,Sudeste,MG,Serviços,Suporte Remoto,Fernanda Costa,Venda direta,Pago,1,470.45,125.23
2024-03-13,PED-00543,Sudeste,MG,Serviços,Suporte Remoto,Ana Lima,Online,Pendente,1,426.53,125.46
2024-03-13,PED-01061,Norte,RO,Computadores,Mini PC,Ana Lima,Online,Pago,4,3015.08,2025.98
2024-03-14,PED-00558,Centro-Oeste,GO,Serviços,Consultoria TI,Bruno Silva,Venda direta,Pendente,2,1945.44,488.05
2024-03-14,PED-01400,Centro-Oeste,MT,Periféricos,Teclado Mecânico,Ana Lima,Loja física,Pago,3,445.1,253.2
2024-03-15,PED-00402,Sudeste,SP,Infraestrutura,Access Point,Carla Souza,Parceiros,Pago,2,1024.83,624.87
2024-03-15,PED-00996,Sul,SC,Infraestrutura,Access Point,Ana Lima,Parceiros,Pago,3,941.73,615.43
2024-03-15,PED-01233,Sul,RS,Infraestrutura,Switch Gerenciável,Diego Santos,Online,Pendente,5,1843.72,1236.79
2024-03-16,PED-01094,Centro-Oeste,MT,Serviços,Implantação de Rede,Diego Santos,Loja física,Pago,2,2934.04,1103.53
2024-03-20,PED-00742,Sudeste,ES,Serviços,Implantação de Rede,Gustavo Rocha,Venda direta,Pendente,2,2893.02,1159.27
2024-03-21,PED-00369,Sudeste,ES,Computadores,Desktop Business,Gustavo Rocha,Online,Pago,4,4249.2,3367.85
2024-03-21,PED-01070,Sul,PR,Periféricos,Teclado Mecânico,Bruno Silva,Online,Pago,5,408.82,249.37
2024-03-22,PED-01079,Sudeste,MG,Computadores,Desktop Business,Carla Souza,Venda direta,Pago,2,4214.11,3311.77
2024-03-23,PED-00076,Sudeste,ES,Infraestrutura,Firewall Appliance,Gustavo Rocha,Online,Pago,3,4547.5,3445.84
2024-03-23,PED-00206,Centro-Oeste,GO,Infraestrutura,Access Point,Bruno Silva,Loja física,Pago,2,1061.65,619.6
2024-03-24,PED-00136,Sudeste,RJ,Infraestrutura,Switch Gerenciável,Ana Lima,Parceiros,Parcelado,4,1683.3,1233.47
2024-03-24,PED-00321,Sudeste,SP,Infraestrutura,Switch Gerenciável,Ana Lima,Venda direta,Pago,4,1771.89,1228.29
2024-03-24,PED-00773,Nordeste,BA,Periféricos,Mouse Sem Fio,Bruno Silva,Loja física,Pago,4,194.11,99.44
2024-03-24,PED-00966,Sudeste,ES,Serviços,Consultoria TI,Ana Lima,Online,Pendente,1,1868.19,493.64
2024-03-25,PED-00228,Sudeste,ES,Infraestrutura,Firewall Appliance,Bruno Silva,Loja física,Parcelado,1,5133.75,3664.13
2024-03-26,PED-00627,Sudeste,ES,Computadores,Mini PC,Fernanda Costa,Online,Pago,4,2719.06,2034.73
2024-03-27,PED-00688,Sudeste,RJ,Serviços,Implantação de Rede,Fernanda Costa,Loja física,Pago,1,2650.69,1062.51
2024-03-28,PED-01335,Nordeste,BA,Periféricos,Monitor 27,Bruno Silva,Online,Pago,5,1429.62,979.42
2024-03-29,PED-00576,Nordeste,PE,Serviços,Consultoria TI,Carla Souza,Parceiros,Pendente,1,1925.46,513.35
2024-03-30,PED-00616,Sul,PR,Infraestrutura,Access Point,Bruno Silva,Venda direta,Pago,1,947.58,603.86
2024-03-30,PED-00629,Sul,SC,Serviços,Implantação de Rede,Diego Santos,Venda direta,Pago,2,2706.99,1132.58
2024-03-31,PED-00127,Sudeste,SP,Periféricos,Teclado Mecânico,Carla Souza,Parceiros,Pago,5,420.02,242.74
2024-04-01,PED-01292,Sul,SC,Serviços,Implantação de Rede,Carla Souza,Loja física,Pago,2,2922.42,1076.13
2024-04-02,PED-00175,Norte,RO,Serviços,Suporte Remoto,Carla Souza,Venda direta,Parcelado,1,462.51,116.42
2024-04-02,PED-00682,Norte,PA,Infraestrutura,Access Point,Gustavo Rocha,Venda direta,Pago,2,1053.14,634.21
2024-04-03,PED-00078,Sudeste,ES,Infraestrutura,Switch Gerenciável,Gustavo Rocha,Venda direta,Pago,1,1866.28,1194.74
2024-04-03,PED-00822,Sul,PR,Computadores,Desktop Business,Ana Lima,Loja física,Pago,2,4478.04,3108.73
2024-04-03,PED-01301,Centro-Oeste,MT,Serviços,Consultoria TI,Bruno Silva,Parceiros,Pendente,1,1773.78,489.01
2024-04-04,PED-00300,Nordeste,CE,Computadores,Notebook Pro,Diego Santos,Venda direta,Pendente,4,4954.41,4092.78
2024-04-05,PED-00925,Sudeste,ES,Periféricos,Monitor 27,Bruno Silva,Parceiros,Pago,2,1487.51,1030.15
2024-04-09,PED-00344,Sudeste,MG,Periféricos,Mouse Sem Fio,Bruno Silva,Parceiros,Pendente,3,186.81,93.66
2024-04-09,PED-00971,Sul,RS,Periféricos,Teclado Mecânico,Bruno Silva,Parceiros,Pago,5,442.98,255.04
2024-04-09,PED-01041,Sul,PR,Serviços,Suporte Remoto,Carla Souza,Venda direta,Pendente,2,450.3,125.95
2024-04-10,PED-00741,Sul,SC,Serviços,Suporte Remoto,Diego Santos,Loja física,Pendente,1,429.48,125.54
2024-04-12,PED-00274,Sul,PR,Serviços,Implantação de Rede,Carla Souza,Online,Pago,2,2771.82,1076.26
2024-04-12,PED-00594,Nordeste,RN,Periféricos,Monitor 27,Ana Lima,Parceiros,Pendente,4,1387.66,947.09
2024-04-12,PED-00927,Centro-Oeste,GO,Computadores,Mini PC,Ana Lima,Online,Pago,1,2796.81,1983.65
2024-04-12,PED-01260,Centro-Oeste,GO,Periféricos,Mouse Sem Fio,Ana Lima,Venda direta,Pago,5,180.96,93.49
2024-04-13,PED-01236,Sul,RS,Computadores,Notebook Pro,Carla Souza,Loja física,Pago,5,5172.57,3790.92
2024-04-13,PED-01277,Nordeste,BA,Serviços,Implantação de Rede,Bruno Silva,Parceiros,Pendente,2,2899.97,1137.69
2024-04-14,PED-00339,Sul,RS,Infraestrutura,Firewall Appliance,Ana Lima,Venda direta,Pago,5,4950.81,3474.74
2024-04-15,PED-00129,Sul,PR,Periféricos,Mouse Sem Fio,Bruno Silva,Venda direta,Pendente,2,189.49,97.39
2024-04-15,PED-00143,Centro-Oeste,DF,Infraestrutura,Access Point,Bruno Silva,Venda direta,Pago,2,964.38,649.59
2024-04-15,PED-00156,Sul,RS,Infraestrutura,Switch Gerenciável,Gustavo Rocha,Venda direta,Pago,4,1803.4,1205.21
2024-04-15,PED-01003,Sul,PR,Computadores,Notebook Pro,Gustavo Rocha,Venda direta,Pago,1,5644.97,4070.63
2024-04-16,PED-00313,Norte,PA,Infraestrutura,Firewall Appliance,Bruno Silva,Online,Pago,1,4699.96,3691.47
2024-04-16,PED-00600,Centro-Oeste,GO,Periféricos,Monitor 27,Bruno Silva,Venda direta,Parcelado,4,1476.33,952.73
2024-04-16,PED-01397,Sudeste,MG,Periféricos,Mouse Sem Fio,Diego Santos,Online,Pago,2,187.56,98.52
2024-04-17,PED-00317,Sul,PR,Serviços,Suporte Remoto,Ana Lima,Parceiros,Parcelado,1,460.21,125.65
2024-04-17,PED-00785,Sudeste,SP,Serviços,Suporte Remoto,Diego Santos,Loja física,Pago,1,466.02,123.42
2024-04-19,PED-01224,Sul,PR,Infraestrutura,Firewall Appliance,Ana Lima,Venda direta,Pendente,4,5175.55,3568.06
2024-04-19,PED-01385,Nordeste,BA,Computadores,Notebook Pro,Diego Santos,Loja física,Pago,3,5598.55,3873.61
2024-04-20,PED-01160,Sudeste,MG,Serviços,Consultoria TI,Carla Souza,Loja física,Parcelado,1,1743.73,490.41
2024-04-21,PED-00552,Centro-Oeste,MS,Infraestrutura,Switch Gerenciável,Fernanda Costa,Online,Pago,1,1677.18,1247.68
2024-04-22,PED-00847,Sudeste,RJ,Periféricos,Monitor 27,Bruno Silva,Parceiros,Pendente,1,1524.32,1018.24
2024-04-23,PED-01226,Sudeste,SP,Infraestrutura,Firewall Appliance,Fernanda Costa,Parceiros,Parcelado,4,5096.33,3657.11
2024-04-24,PED-00012,Sudeste,RJ,Serviços,Suporte Remoto,Fernanda Costa,Online,Pago,2,487.13,124.17
2024-04-24,PED-01216,Norte,PA,Serviços,Suporte Remoto,Diego Santos,Loja física,Pago,2,482.16,121.43
2024-04-25,PED-00701,Nordeste,PE,Computadores,Desktop Business,Bruno Silva,Parceiros,Parcelado,1,4189.64,3172.75
2024-04-25,PED-01109,Norte,AM,Serviços,Implantação de Rede,Bruno Silva,Venda direta,Pago,2,2745.35,1104.65
2024-04-26,PED-00357,Nordeste,RN,Periféricos,Mouse Sem Fio,Bruno Silva,Parceiros,Pendente,2,189.94,98.9
2024-04-26,PED-00372,Sul,RS,Periféricos,Monitor 27,Carla Souza,Parceiros,Pago,3,1443.7,1002.67
2024-04-27,PED-00990,Nordeste,BA,Infraestrutura,Access Point,Bruno Silva,Parceiros,Pago,2,938.24,637.59
2024-04-28,PED-00103,Sul,RS,Periféricos,Teclado Mecânico,Gustavo Rocha,Venda direta,Parcelado,4,419.12,262.93
2024-04-29,PED-00722,Sudeste,MG,Serviços,Consultoria TI,Bruno Silva,Venda direta,Pago,2,1707.43,495.92
2024-04-30,PED-00521,Nordeste,PE,Computadores,Mini PC,Diego Santos,Online,Parcelado,3,2652.61,2072.17
2024-05-01,PED-00644,Nordeste,BA,Computadores,Desktop Business,Fernanda Costa,Loja física,Parcelado,1,4532.21,3323.7
2024-05-01,PED-00791,Sul,PR,Periféricos,Monitor 27,Fernanda Costa,Venda direta,Pago,5,1451.29,981.6
2024-05-02,PED-00386,Sudeste,ES,Infraestrutura,Firewall Appliance,Carla Souza,Online,Pago,3,4636.2,3572.31
2024-05-02,PED-01387,Sudeste,MG,Serviços,Suporte Remoto,Gustavo Rocha,Online,Pendente,1,484.77,124.22
2024-05-03,PED-00592,Norte,RO,Periféricos,Teclado Mecânico,Carla Souza,Online,Pago,2,443.25,255.37
2024-05-03,PED-00707,Sudeste,ES,Infraestrutura,Firewall Appliance,Carla Souza,Loja física,Pendente,5,4637.03,3598.2
2024-05-03,PED-00824,Sul,PR,Infraestrutura,Switch Gerenciável,Ana Lima,Venda direta,Pago,2,1661.86,1232.41
2024-05-04,PED-01344,Sul,PR,Periféricos,Mouse Sem Fio,Ana Lima,Online,Pendente,1,175.27,98.12
2024-05-06,PED-00899,Nordeste,BA,Periféricos,Mouse Sem Fio,Carla Souza,Parceiros,Pendente,3,176.3,95.34
2024-05-06,PED-00930,Sul,PR,Computadores,Mini PC,Diego Santos,Loja física,Pago,3,2693.58,2148.6
2024-05-06,PED-00958,Norte,AM,Computadores,Desktop Business,Gustavo Rocha,Loja física,Pendente,3,4317.63,3345.37
2024-05-07,PED-00154,Nordeste,RN,Serviços,Consultoria TI,Bruno Silva,Venda direta,Pendente,2,1932.79,501.38
2024-05-08,PED-01037,Sudeste,SP,Serviços,Consultoria TI,Carla Souza,Online,Pago,2,1918.71,487.68
2024-05-09,PED-00566,Sudeste,MG,Infraestrutura,Access Point,Ana Lima,Online,Parcelado,5,967.43,648.21
2024-05-09,PED-01092,Nordeste,RN,Computadores,Mini PC,Fernanda Costa,Venda direta,Pendente,2,3044.21,2008.36
2024-05-10,PED-00915,Sul,RS,Infraestrutura,Firewall Appliance,Gustavo Rocha,Online,Pendente,3,5154.29,3529.28
2024-05-10,PED-01313,Sudeste,SP,Serviços,Implantação de Rede,Diego Santos,Loja física,Pago,1,2697.08,1068.24
2024-05-10,PED-01362,Norte,RO,Periféricos,Mouse Sem Fio,Bruno Silva,Venda direta,Parcelado,5,186.03,98.94
2024-05-11,PED-00642,Nordeste,PE,Periféricos,Teclado Mecânico,Diego Santos,Online,Pago,2,410.4,264.17
2024-05-11,PED-01170,Sudeste,ES,Serviços,Suporte Remoto,Diego Santos,Online,Pago,2,467.9,123.42
2024-05-12,PED-00351,Sul,RS,Infraestrutura,Access Point,Carla Souza,Venda direta,Parcelado,1,1042.51,616.73
2024-05-12,PED-00725,Sul,PR,Serviços,Suporte Remoto,Bruno Silva,Loja física,Parcelado,2,486.27,121.5
2024-05-14,PED-00081,Nordeste,RN,Serviços,Suporte Remoto,Bruno Silva,Loja física,Pago,1,488.18,122.75
2024-05-14,PED-00868,Sudeste,SP,Infraestrutura,Switch Gerenciável,Diego Santos,Parceiros,Pago,2,1800.69,1209.32
2024-05-14,PED-01106,Sul,PR,Periféricos,Monitor 27,Bruno Silva,Loja física,Pago,4,1387.67,997.91
2024-05-15,PED-01211,Sudeste,SP,Periféricos,Monitor 27,Diego Santos,Online,Parcelado,2,1493.75,1000.0
2024-05-18,PED-00507,Sudeste,RJ,Periféricos,Teclado Mecânico,Ana Lima,Loja física,Pago,1,430.99,263.43
2024-05-20,PED-00303,Sudeste,RJ,Computadores,Desktop Business,Carla Souza,Parceiros,Pendente,3,4365.42,3323.43
2024-05-20,PED-01105,Sudeste,RJ,Periféricos,Teclado Mecânico,Gustavo Rocha,Venda direta,Pago,4,406.93,260.38
2024-05-22,PED-00557,Sul,SC,Infraestrutura,Switch Gerenciável,Bruno Silva,Loja física,Pago,2,1729.4,1256.23
2024-05-22,PED-01033,Centro-Oeste,GO,Infraestrutura,Access Point,Ana Lima,Parceiros,Parcelado,4,1005.23,616.9
2024-05-23,PED-01228,Nordeste,BA,Infraestrutura,Switch Gerenciável,Carla Souza,Venda direta,Pago,4,1842.71,1184.6
2024-05-24,PED-01243,Nordeste,PE,Computadores,Notebook Pro,Ana Lima,Online,Parcelado,5,5041.4,4019.87
2024-05-25,PED-00120,Centro-Oeste,DF,Computadores,Mini PC,Carla Souza,Loja física,Pago,5,2738.06,2061.82
2024-05-25,PED-00986,Sudeste,RJ,Computadores,Notebook Pro,Bruno Silva,Venda direta,Pago,4,5546.91,4096.88
2024-05-26,PED-00158,Nordeste,RN,Computadores,Notebook Pro,Carla Souza,Venda direta,Parcelado,1,5100.28,4002.22
2024-05-26,PED-00652,Sudeste,SP,Periféricos,Monitor 27,Fernanda Costa,Venda direta,Pago,3,1573.45,978.43
2024-05-26,PED-00889,Sudeste,MG,Computadores,Mini PC,Fernanda Costa,Venda direta,Pendente,3,2932.62,2030.07
2024-05-27,PED-01322,Sudeste,RJ,Serviços,Implantação de Rede,Carla Souza,Loja física,Pago,1,2798.5,1066.54
2024-05-29,PED-01280,Centro-Oeste,MT,Serviços,Suporte Remoto,Carla Souza,Online,Pago,2,432.96,126.53
2024-05-30,PED-01178,Centro-Oeste,DF,Serviços,Consultoria TI,Carla Souza,Venda direta,Pendente,1,1791.34,512.72
2024-06-01,PED-00070,Nordeste,CE,Computadores,Notebook Pro,Fernanda Costa,Loja física,Parcelado,1,5347.22,3928.98
2024-06-02,PED-00341,Sudeste,RJ,Computadores,Mini PC,Gustavo Rocha,Online,Pendente,4,2919.84,2114.54
2024-06-03,PED-00049,Sul,RS,Periféricos,Mouse Sem Fio,Fernanda Costa,Venda direta,Pendente,2,172.53,95.63
2024-06-03,PED-01168,Sudeste,ES,Serviços,Suporte Remoto,Bruno Silva,Venda direta,Parcelado,2,488.22,120.95
2024-06-04,PED-01245,Centro-Oeste,GO,Infraestrutura,Access Point,Diego Santos,Parceiros,Pago,2,934.57,612.65
2024-06-04,PED-01379,Sudeste,MG,Infraestrutura,Firewall Appliance,Bruno Silva,Parceiros,Pago,3,4903.86,3444.46
2024-06-06,PED-00538,Sul,SC,Infraestrutura,Switch Gerenciável,Fernanda Costa,Loja física,Pago,2,1851.86,1174.24
2024-06-06,PED-00730,Centro-Oeste,MT,Periféricos,Monitor 27,Ana Lima,Loja física,Pendente,2,1466.66,987.24
2024-06-07,PED-00208,Sudeste,SP,Computadores,Mini PC,Ana Lima,Loja física,Pago,4,2901.78,2162.14
2024-06-07,PED-00470,Sudeste,SP,Periféricos,Monitor 27,Gustavo Rocha,Online,Pago,4,1395.37,1005.32
2024-06-08,PED-00030,Sudeste,RJ,Infraestrutura,Access Point,Ana Lima,Online,Pendente,3,1000.45,615.3
2024-06-09,PED-00809,Norte,PA,Serviços,Implantação de Rede,Bruno Silva,Loja física,Pago,1,2812.33,1156.91
2024-06-09,PED-00946,Sudeste,SP,Serviços,Suporte Remoto,Diego Santos,Loja física,Parcelado,1,452.71,116.96
2024-06-09,PED-01369,Sudeste,MG,Computadores,Desktop Business,Diego Santos,Parceiros,Pago,4,4250.2,3308.17
2024-06-11,PED-01311,Nordeste,RN,Computadores,Notebook Pro,Carla Souza,Venda direta,Pago,5,5177.59,4115.92
2024-06-11,PED-01375,Sul,SC,Periféricos,Monitor 27,Ana Lima,Loja física,Pendente,1,1508.82,999.89
2024-06-12,PED-00389,Sudeste,ES,Computadores,Desktop Business,Carla Souza,Parceiros,Pago,2,4619.54,3295.67
2024-06-12,PED-00599,Centro-Oeste,DF,Computadores,Mini PC,Carla Souza,Venda direta,Pago,3,2771.18,2068.68
2024-06-13,PED-00646,Nordeste,PE,Computadores,Notebook Pro,Gustavo Rocha,Loja física,Pago,5,5498.08,3968.92
2024-06-13,PED-00902,Centro-Oeste,MS,Infraestrutura,Access Point,Gustavo Rocha,Loja física,Pago,4,998.18,629.08
2024-06-13,PED-00945,Sul,SC,Serviços,Consultoria TI,Gustavo Rocha,Loja física,Pendente,2,1942.86,507.61
2024-06-13,PED-01318,Sul,SC,Computadores,Notebook Pro,Fernanda Costa,Loja física,Pago,1,5238.29,3970.85
2024-06-14,PED-00451,Sudeste,MG,Infraestrutura,Firewall Appliance,Diego Santos,Parceiros,Pendente,3,5039.31,3586.2
2024-06-16,PED-01332,Sudeste,ES,Periféricos,Mouse Sem Fio,Carla Souza,Loja física,Pago,5,186.89,98.16
2024-06-17,PED-00167,Sul,RS,Periféricos,Teclado Mecânico,Carla Souza,Loja física,Parcelado,5,451.9,261.62
2024-06-18,PED-00075,Nordeste,CE,Serviços,Suporte Remoto,Carla Souza,Venda direta,Pendente,2,471.05,123.98
2024-06-18,PED-01162,Sudeste,RJ,Periféricos,Monitor 27,Bruno Silva,Venda direta,Pago,3,1439.68,966.65
2024-06-19,PED-00245,Centro-Oeste,DF,Serviços,Implantação de Rede,Bruno Silva,Loja física,Pendente,2,2700.27,1076.42
2024-06-19,PED-00255,Sudeste,RJ,Periféricos,Teclado Mecânico,Ana Lima,Venda direta,Pago,4,435.53,262.07
2024-06-19,PED-00516,Sudeste,SP,Periféricos,Teclado Mecânico,Bruno Silva,Loja física,Pendente,4,404.12,253.78
2024-06-20,PED-00469,Nordeste,BA,Serviços,Suporte Remoto,Gustavo Rocha,Venda direta,Parcelado,1,488.88,122.69
2024-06-21,PED-01136,Sul,PR,Periféricos,Monitor 27,Ana Lima,Parceiros,Pago,5,1406.67,964.89
2024-06-21,PED-01295,Sul,RS,Computadores,Notebook Pro,Fernanda Costa,Parceiros,Pago,3,5219.78,3791.24
2024-06-22,PED-00237,Sul,SC,Infraestrutura,Switch Gerenciável,Diego Santos,Parceiros,Pendente,2,1677.11,1210.93
2024-06-23,PED-00418,Sul,SC,Periféricos,Mouse Sem Fio,Bruno Silva,Parceiros,Pendente,2,186.75,96.52
2024-06-23,PED-00605,Sudeste,RJ,Computadores,Desktop Business,Fernanda Costa,Venda direta,Pendente,5,4379.87,3392.34
2024-06-23,PED-00690,Norte,PA,Computadores,Mini PC,Diego Santos,Venda direta,Pago,5,2830.61,2159.12
2024-06-23,PED-01004,Sul,RS,Infraestrutura,Firewall Appliance,Carla Souza,Online,Pago,1,5191.12,3669.76
2024-06-23,PED-01043,Sudeste,RJ,Serviços,Implantação de Rede,Fernanda Costa,Venda direta,Pago,2,2772.92,1076.56
2024-06-24,PED-00647,Nordeste,BA,Computadores,Notebook Pro,Gustavo Rocha,Loja física,Pendente,5,5562.82,3949.73
2024-06-24,PED-00715,Centro-Oeste,MS,Serviços,Consultoria TI,Fernanda Costa,Parceiros,Pendente,2,1785.99,521.76
2024-06-24,PED-00807,Sul,RS,Periféricos,Monitor 27,Ana Lima,Venda direta,Pago,5,1476.81,966.84
2024-06-24,PED-01287,Sul,SC,Computadores,Desktop Business,Gustavo Rocha,Parceiros,Pago,4,4609.92,3145.74
2024-06-25,PED-01296,Sul,RS,Serviços,Suporte Remoto,Gustavo Rocha,Loja física,Parcelado,1,489.32,117.41
2024-06-27,PED-00249,Sudeste,MG,Serviços,Implantação de Rede,Bruno Silva,Venda direta,Pendente,1,2974.17,1129.53
2024-06-27,PED-00567,Nordeste,PE,Serviços,Implantação de Rede,Diego Santos,Loja física,Parcelado,1,2761.76,1136.63
2024-06-27,PED-01388,Sul,PR,Periféricos,Teclado Mecânico,Ana Lima,Venda direta,Pago,5,440.02,248.61
2024-06-28,PED-00092,Sul,SC,Periféricos,Teclado Mecânico,Carla Souza,Venda direta,Pago,5,407.25,252.88
2024-06-28,PED-00098,Sul,RS,Infraestrutura,Firewall Appliance,Carla Souza,Venda direta,Pago,5,5177.12,3657.81
2024-06-28,PED-00433,Sudeste,SP,Computadores,Mini PC,Fernanda Costa,Parceiros,Parcelado,3,2792.92,2009.48
2024-06-28,PED-00613,Centro-Oeste,DF,Periféricos,Monitor 27,Diego Santos,Loja física,Pago,3,1425.56,960.32
2024-06-28,PED-01239,Sudeste,SP,Periféricos,Monitor 27,Carla Souza,Parceiros,Pendente,1,1569.5,1016.19
2024-06-29,PED-00060,Centro-Oeste,MT,Serviços,Implantação de Rede,Carla Souza,Loja física,Pago,2,2985.24,1125.8
2024-06-29,PED-00789,Nordeste,BA,Computadores,Mini PC,Ana Lima,Parceiros,Pago,2,2808.34,2134.41
2024-06-29,PED-01015,Sudeste,ES,Serviços,Suporte Remoto,Bruno Silva,Online,Pago,1,468.36,126.81
2024-06-30,PED-00312,Centro-Oeste,MS,Computadores,Notebook Pro,Fernanda Costa,Loja física,Parcelado,5,5170.86,4068.17
2024-06-30,PED-00766,Nordeste,BA,Computadores,Desktop Business,Bruno Silva,Online,Pago,3,4651.68,3232.04
2024-06-30,PED-01153,Norte,AM,Serviços,Implantação de Rede,Carla Souza,Venda direta,Pago,1,2852.28,1124.42
2024-07-02,PED-00798,Sudeste,MG,Computadores,Desktop Business,Fernanda Costa,Online,Pago,1,4269.93,3255.11
2024-07-03,PED-00119,Sudeste,MG,Infraestrutura,Switch Gerenciável,Gustavo Rocha,Venda direta,Pago,1,1709.72,1181.48
2024-07-03,PED-00417,Sudeste,ES,Computadores,Mini PC,Fernanda Costa,Venda direta,Pendente,3,3039.36,2032.06
2024-07-03,PED-00753,Sudeste,MG,Serviços,Implantação de Rede,Bruno Silva,Parceiros,Pago,1,2709.06,1078.62
2024-07-03,PED-00962,Centro-Oeste,MS,Serviços,Suporte Remoto,Fernanda Costa,Venda direta,Pago,2,449.03,120.05
2024-07-03,PED-00988,Sudeste,RJ,Computadores,Notebook Pro,Fernanda Costa,Online,Pago,3,5678.78,3960.82
2024-07-05,PED-00900,Sudeste,MG,Computadores,Desktop Business,Diego Santos,Online,Pago,4,4189.1,3211.96
2024-07-06,PED-00547,Centro-Oeste,MT,Infraestrutura,Switch Gerenciável,Carla Souza,Venda direta,Pendente,4,1672.24,1217.78
2024-07-06,PED-00754,Sudeste,SP,Periféricos,Teclado Mecânico,Carla Souza,Loja física,Pago,4,439.92,244.22
2024-07-06,PED-00890,Sudeste,MG,Serviços,Consultoria TI,Gustavo Rocha,Loja física,Pago,2,1782.65,505.24
2024-07-07,PED-00401,Sul,SC,Periféricos,Monitor 27,Ana Lima,Venda direta,Parcelado,2,1517.2,1002.73
2024-07-07,PED-01042,Nordeste,CE,Serviços,Consultoria TI,Bruno Silva,Loja física,Pago,1,1822.56,514.73
2024-07-07,PED-01356,Sul,PR,Serviços,Implantação de Rede,Diego Santos,Venda direta,Pago,1,2771.05,1088.48
2024-07-08,PED-01381,Sul,SC,Computadores,Mini PC,Gustavo Rocha,Parceiros,Pago,2,2742.98,2098.08
2024-07-09,PED-00560,Sudeste,SP,Serviços,Consultoria TI,Fernanda Costa,Parceiros,Pago,1,1893.91,498.02
2024-07-09,PED-00632,Nordeste,CE,Serviços,Suporte Remoto,Fernanda Costa,Venda direta,Pago,2,481.29,119.9
2024-07-11,PED-01011,Sul,SC,Periféricos,Mouse Sem Fio,Ana Lima,Loja física,Pendente,3,195.5,97.29
2024-07-11,PED-01348,Sul,SC,Periféricos,Monitor 27,Fernanda Costa,Venda direta,Parcelado,4,1509.87,1004.96
2024-07-12,PED-00784,Centro-Oeste,MS,Infraestrutura,Firewall Appliance,Diego Santos,Parceiros,Pago,5,5221.09,3596.72
2024-07-12,PED-00843,Nordeste,PE,Serviços,Implantação de Rede,Diego Santos,Parceiros,Pendente,2,2862.19,1122.09
2024-07-13,PED-00024,Sudeste,SP,Computadores,Mini PC,Fernanda Costa,Loja física,Pago,3,2686.26,2100.69
2024-07-14,PED-00972,Norte,RO,Computadores,Desktop Business,Fernanda Costa,Online,Pendente,3,4100.37,3370.2
2024-07-14,PED-01027,Sul,RS,Infraestrutura,Firewall Appliance,Carla Souza,Parceiros,Pago,1,4860.92,3545.37
2024-07-14,PED-01240,Sul,PR,Infraestrutura,Switch Gerenciável,Ana Lima,Online,Pendente,3,1790.88,1269.1
2024-07-16,PED-00481,Sudeste,RJ,Periféricos,Mouse Sem Fio,Gustavo Rocha,Parceiros,Pendente,5,181.82,93.21
2024-07-16,PED-00541,Sudeste,MG,Serviços,Consultoria TI,Ana Lima,Online,Parcelado,1,1781.84,492.93
2024-07-16,PED-00575,Sul,RS,Computadores,Notebook Pro,Fernanda Costa,Online,Pago,5,5430.4,4085.69
2024-07-18,PED-00256,Nordeste,RN,Serviços,Consultoria TI,Diego Santos,Loja física,Pago,2,1818.3,524.01
2024-07-18,PED-01258,Sul,RS,Periféricos,Monitor 27,Fernanda Costa,Loja física,Parcelado,2,1530.03,983.68
2024-07-19,PED-01380,Sudeste,MG,Serviços,Suporte Remoto,Gustavo Rocha,Venda direta,Pago,2,456.87,121.45
2024-07-22,PED-00788,Sul,PR,Periféricos,Teclado Mecânico,Bruno Silva,Loja física,Pago,2,419.76,255.51
2024-07-23,PED-00381,Sudeste,RJ,Infraestrutura,Firewall Appliance,Carla Souza,Loja física,Parcelado,3,4665.72,3420.09
2024-07-23,PED-00645,Sul,SC,Computadores,Notebook Pro,Fernanda Costa,Parceiros,Pago,2,5569.83,4123.48
2024-07-23,PED-01132,Centro-Oeste,MS,Infraestrutura,Access Point,Ana Lima,Parceiros,Parcelado,1,1019.03,635.91
2024-07-23,PED-01227,Sudeste,ES,Periféricos,Teclado Mecânico,Fernanda Costa,Parceiros,Pago,5,432.06,257.92
2024-07-25,PED-00657,Sudeste,ES,Serviços,Consultoria TI,Fernanda Costa,Online,Pago,2,1850.64,522.62
2024-07-25,PED-00674,Sul,PR,Computadores,Desktop Business,Ana Lima,Venda direta,Pago,3,4491.78,3160.16
2024-07-25,PED-00811,Sul,PR,Serviços,Suporte Remoto,Carla Souza,Venda direta,Pendente,2,466.64,119.28
2024-07-25,PED-01053,Centro-Oeste,MS,Periféricos,Monitor 27,Ana Lima,Loja física,Pago,5,1384.34,1037.76
2024-07-25,PED-01237,Sudeste,ES,Infraestrutura,Access Point,Diego Santos,Online,Pendente,2,1039.49,603.88
2024-07-26,PED-00756,Sul,RS,Periféricos,Teclado Mecânico,Ana Lima,Parceiros,Pago,5,444.31,251.65
2024-07-26,PED-00929,Sul,RS,Serviços,Suporte Remoto,Ana Lima,Parceiros,Parcelado,2,449.23,118.27
2024-07-27,PED-00883,Sul,RS,Infraestrutura,Firewall Appliance,Gustavo Rocha,Loja física,Pendente,2,5052.01,3580.0
2024-07-28,PED-00806,Norte,PA,Serviços,Suporte Remoto,Diego Santos,Parceiros,Pago,2,435.0,122.81
2024-07-28,PED-00833,Sul,PR,Periféricos,Monitor 27,Carla Souza,Loja física,Pago,5,1395.41,1016.8
2024-07-29,PED-00319,Norte,AM,Infraestrutura,Firewall Appliance,Diego Santos,Venda direta,Pago,3,4768.4,3430.9
2024-07-29,PED-00808,Sul,RS,Computadores,Desktop Business,Carla Souza,Venda direta,Pendente,1,4315.1,3112.08
2024-07-30,PED-00878,Centro-Oeste,DF,Infraestrutura,Access Point,Carla Souza,Loja física,Pendente,1,1068.31,630.92
2024-08-01,PED-00955,Norte,RO,Computadores,Notebook Pro,Ana Lima,Loja física,Pago,5,5419.86,3973.49
2024-08-02,PED-00869,Sul,RS,Periféricos,Mouse Sem Fio,Ana Lima,Loja física,Pendente,1,180.82,99.9
2024-08-04,PED-00124,Nordeste,CE,Infraestrutura,Switch Gerenciável,Bruno Silva,Loja física,Pendente,1,1669.95,1249.94
2024-08-04,PED-00714,Sul,RS,Infraestrutura,Firewall Appliance,Diego Santos,Online,Pago,1,4870.76,3412.76
2024-08-04,PED-00850,Sudeste,SP,Serviços,Consultoria TI,Carla Souza,Venda direta,Pago,2,1953.87,508.31
2024-08-04,PED-00857,Sul,RS,Computadores,Notebook Pro,Carla Souza,Venda direta,Pago,4,5689.72,3806.82
2024-08-04,PED-00949,Sudeste,MG,Periféricos,Mouse Sem Fio,Carla Souza,Online,Parcelado,2,187.88,92.76
2024-08-04,PED-01085,Nordeste,CE,Periféricos,Teclado Mecânico,Diego Santos,Online,Pago,5,402.27,259.93
2024-08-05,PED-00062,Sudeste,MG,Infraestrutura,Switch Gerenciável,Ana Lima,Loja física,Pago,5,1842.23,1198.38
2024-08-07,PED-00189,Sul,RS,Infraestrutura,Firewall Appliance,Fernanda Costa,Loja física,Pago,3,4668.71,3603.69
2024-08-07,PED-00427,Sudeste,MG,Computadores,Notebook Pro,Ana Lima,Loja física,Pendente,4,5668.47,3798.3
2024-08-07,PED-01254,Sudeste,MG,Serviços,Suporte Remoto,Carla Souza,Parceiros,Pago,2,470.79,122.45
2024-08-08,PED-00374,Sudeste,RJ,Infraestrutura,Access Point,Gustavo Rocha,Online,Pendente,4,940.57,639.36
2024-08-10,PED-00210,Nordeste,BA,Periféricos,Mouse Sem Fio,Fernanda Costa,Parceiros,Parcelado,3,177.55,100.42
2024-08-10,PED-01151,Centro-Oeste,MS,Computadores,Mini PC,Bruno Silva,Loja física,Pago,2,2791.19,2122.94
2024-08-10,PED-01325,Centro-Oeste,GO,Infraestrutura,Switch Gerenciável,Carla Souza,Parceiros,Pago,5,1882.29,1254.87
2024-08-11,PED-00259,Norte,PA,Periféricos,Teclado Mecânico,Ana Lima,Venda direta,Pago,1,427.14,251.31
2024-08-11,PED-00390,Norte,RO,Serviços,Consultoria TI,Bruno Silva,Loja física,Pago,1,1745.0,502.51
2024-08-11,PED-00678,Sul,PR,Periféricos,Teclado Mecânico,Ana Lima,Venda direta,Parcelado,4,424.68,263.05
2024-08-13,PED-00858,Centro-Oeste,MS,Computadores,Mini PC,Diego Santos,Online,Pago,2,3035.62,2114.08
2024-08-13,PED-00924,Sudeste,RJ,Serviços,Suporte Remoto,Carla Souza,Loja física,Pendente,2,443.72,124.77
2024-08-14,PED-00064,Sudeste,RJ,Infraestrutura,Firewall Appliance,Carla Souza,Venda direta,Parcelado,5,4826.62,3583.82
2024-08-14,PED-00102,Centro-Oeste,MS,Infraestrutura,Firewall Appliance,Ana Lima,Parceiros,Pendente,4,4654.67,3421.52
2024-08-14,PED-01113,Sudeste,RJ,Periféricos,Mouse Sem Fio,Carla Souza,Loja física,Parcelado,1,195.79,97.79
2024-08-15,PED-00144,Nordeste,CE,Computadores,Desktop Business,Diego Santos,Online,Pago,1,4340.59,3224.22
2024-08-15,PED-00512,Centro-Oeste,GO,Periféricos,Monitor 27,Fernanda Costa,Venda direta,Pago,2,1572.92,1042.12
2024-08-15,PED-00886,Sudeste,SP,Computadores,Notebook Pro,Diego Santos,Online,Parcelado,5,5494.08,3905.52
2024-08-16,PED-00413,Sudeste,MG,Infraestrutura,Switch Gerenciável,Bruno Silva,Venda direta,Pago,4,1888.43,1168.85
2024-08-16,PED-01365,Centro-Oeste,MT,Infraestrutura,Firewall Appliance,Carla Souza,Venda direta,Pago,4,4958.04,3657.36
2024-08-17,PED-00145,Sul,PR,Infraestrutura,Access Point,Diego Santos,Loja física,Pendente,2,939.43,655.44
2024-08-17,PED-00353,Centro-Oeste,GO,Periféricos,Mouse Sem Fio,Carla Souza,Online,Pendente,1,186.64,93.94
2024-08-17,PED-00691,Centro-Oeste,GO,Infraestrutura,Switch Gerenciável,Bruno Silva,Loja física,Pago,4,1762.95,1215.36
2024-08-17,PED-00931,Sul,SC,Serviços,Suporte Remoto,Gustavo Rocha,Venda direta,Pago,2,470.79,119.29
2024-08-17,PED-01073,Sul,PR,Serviços,Consultoria TI,Carla Souza,Online,Parcelado,1,1884.44,488.15
2024-08-17,PED-01086,Sudeste,ES,Computadores,Mini PC,Fernanda Costa,Venda direta,Pago,1,2910.16,2118.88
2024-08-18,PED-01207,Sudeste,RJ,Periféricos,Teclado Mecânico,Gustavo Rocha,Loja física,Pago,5,446.71,261.37
2024-08-18,PED-01268,Sudeste,SP,Infraestrutura,Access Point,Diego Santos,Online,Pago,4,1050.5,658.03
2024-08-18,PED-01281,Sudeste,SP,Periféricos,Mouse Sem Fio,Diego Santos,Loja física,Pago,2,188.63,94.85
2024-08-20,PED-00090,Centro-Oeste,MS,Computadores,Mini PC,Ana Lima,Online,Pago,1,2845.2,2125.39
2024-08-20,PED-00620,Sudeste,MG,Computadores,Notebook Pro,Fernanda Costa,Loja física,Parcelado,3,5166.36,4136.75
2024-08-20,PED-00802,Centro-Oeste,GO,Serviços,Suporte Remoto,Ana Lima,Parceiros,Pago,2,475.08,121.87
2024-08-20,PED-01080,Centro-Oeste,GO,Computadores,Notebook Pro,Fernanda Costa,Venda direta,Parcelado,1,5439.65,3862.0
2024-08-21,PED-00799,Sul,PR,Infraestrutura,Access Point,Carla Souza,Parceiros,Pago,5,961.96,614.66
2024-08-21,PED-01210,Centro-Oeste,MS,Periféricos,Monitor 27,Gustavo Rocha,Loja física,Pago,5,1436.79,978.79
2024-08-23,PED-00414,Sul,RS,Infraestrutura,Access Point,Gustavo Rocha,Online,Pago,2,960.1,624.03
2024-08-23,PED-01378,Sudeste,SP,Infraestrutura,Firewall Appliance,Bruno Silva,Venda direta,Pago,1,4971.46,3524.62
2024-08-25,PED-00510,Sul,PR,Infraestrutura,Access Point,Diego Santos,Parceiros,Pago,4,952.75,651.41
2024-08-26,PED-00290,Sudeste,SP,Infraestrutura,Access Point,Ana Lima,Loja física,Parcelado,4,1052.21,644.68
2024-08-26,PED-00305,Norte,PA,Periféricos,Mouse Sem Fio,Gustavo Rocha,Online,Pago,2,178.38,99.55
2024-08-26,PED-00589,Nordeste,BA,Periféricos,Teclado Mecânico,Ana Lima,Loja física,Pago,1,428.42,264.3
2024-08-26,PED-00653,Nordeste,RN,Infraestrutura,Firewall Appliance,Gustavo Rocha,Venda direta,Pago,5,4979.69,3648.61
2024-08-26,PED-00749,Nordeste,CE,Computadores,Mini PC,Bruno Silva,Online,Parcelado,4,2961.36,2116.39
2024-08-28,PED-00939,Sudeste,RJ,Computadores,Desktop Business,Ana Lima,Online,Pago,5,4387.89,3154.02
2024-08-28,PED-01082,Sudeste,SP,Serviços,Suporte Remoto,Carla Souza,Venda direta,Pago,1,444.06,120.38
2024-08-31,PED-00291,Sudeste,SP,Periféricos,Mouse Sem Fio,Fernanda Costa,Venda direta,Pago,3,173.95,100.46
2024-08-31,PED-00783,Sudeste,SP,Serviços,Implantação de Rede,Bruno Silva,Online,Pago,1,3057.0,1135.09
2024-08-31,PED-00830,Nordeste,RN,Infraestrutura,Access Point,Ana Lima,Venda direta,Pago,3,978.27,648.06
2024-09-01,PED-00673,Sul,PR,Computadores,Notebook Pro,Diego Santos,Venda direta,Pago,3,5309.52,4003.55
2024-09-02,PED-00218,Sudeste,MG,Serviços,Implantação de Rede,Diego Santos,Venda direta,Pago,2,2796.95,1109.07
2024-09-04,PED-00063,Centro-Oeste,MS,Periféricos,Mouse Sem Fio,Ana Lima,Online,Pago,4,188.44,96.92
2024-09-04,PED-00335,Sudeste,ES,Periféricos,Teclado Mecânico,Carla Souza,Online,Pago,5,434.05,251.71
2024-09-05,PED-00289,Sudeste,ES,Periféricos,Mouse Sem Fio,Ana Lima,Venda direta,Pago,5,191.38,94.79
2024-09-05,PED-00497,Norte,PA,Infraestrutura,Access Point,Diego Santos,Venda direta,Pago,3,1032.65,611.03
2024-09-05,PED-01342,Sul,SC,Computadores,Notebook Pro,Ana Lima,Online,Pago,5,5559.0,4081.66
2024-09-06,PED-00107,Norte,RO,Periféricos,Monitor 27,Bruno Silva,Parceiros,Pago,5,1427.53,975.2
2024-09-06,PED-00416,Sul,RS,Periféricos,Monitor 27,Ana Lima,Loja física,Pago,5,1392.89,1007.13
2024-09-07,PED-00834,Sudeste,RJ,Infraestrutura,Switch Gerenciável,Carla Souza,Venda direta,Pago,5,1782.9,1240.18
2024-09-07,PED-00943,Sul,RS,Serviços,Suporte Remoto,Fernanda Costa,Parceiros,Pendente,1,459.84,118.58
2024-09-08,PED-01282,Nordeste,RN,Periféricos,Monitor 27,Fernanda Costa,Venda direta,Pendente,1,1446.02,1042.29
2024-09-09,PED-01300,Sudeste,RJ,Serviços,Suporte Remoto,Diego Santos,Online,Parcelado,2,432.43,117.69
2024-09-09,PED-01361,Sul,SC,Periféricos,Teclado Mecânico,Fernanda Costa,Parceiros,Pago,4,448.12,256.53
2024-09-10,PED-00455,Centro-Oeste,MS,Periféricos,Monitor 27,Gustavo Rocha,Parceiros,Pago,5,1557.75,958.41
2024-09-10,PED-00663,Sul,SC,Computadores,Mini PC,Bruno Silva,Online,Parcelado,1,3020.19,2020.95
2024-09-10,PED-00775,Sul,PR,Infraestrutura,Access Point,Ana Lima,Venda direta,Pago,3,1008.38,618.14
2024-09-10,PED-00842,Centro-Oeste,GO,Computadores,Notebook Pro,Diego Santos,Online,Parcelado,1,5442.84,4130.88
2024-09-11,PED-00928,Nordeste,CE,Periféricos,Mouse Sem Fio,Ana Lima,Parceiros,Pago,5,172.25,101.05
2024-09-12,PED-00046,Nordeste,BA,Serviços,Suporte Remoto,Fernanda Costa,Parceiros,Pendente,2,472.5,127.88
2024-09-12,PED-00263,Sul,SC,Periféricos,Mouse Sem Fio,Carla Souza,Venda direta,Pendente,4,184.44,97.68
2024-09-12,PED-01225,Sudeste,ES,Computadores,Notebook Pro,Carla Souza,Venda direta,Pago,1,5439.31,3902.35
2024-09-13,PED-00269,Sul,RS,Periféricos,Monitor 27,Bruno Silva,Venda direta,Pago,4,1513.84,1020.91
2024-09-15,PED-00816,Sul,PR,Serviços,Suporte Remoto,Diego Santos,Venda direta,Pago,1,470.66,124.46
2024-09-17,PED-00204,Nordeste,PE,Computadores,Notebook Pro,Ana Lima,Online,Pendente,4,5221.04,3826.64
2024-09-17,PED-00712,Sudeste,SP,Computadores,Mini PC,Diego Santos,Online,Pago,4,2745.62,2033.64
2024-09-17,PED-00796,Sudeste,RJ,Computadores,Desktop Business,Ana Lima,Venda direta,Parcelado,4,4424.0,3188.5
2024-09-18,PED-00215,Sul,RS,Computadores,Desktop Business,Bruno Silva,Online,Pago,3,4163.23,3333.17
2024-09-18,PED-01255,Sudeste,ES,Serviços,Consultoria TI,Fernanda Costa,Parceiros,Pago,1,1890.1,503.33
2024-09-19,PED-00487,Nordeste,BA,Serviços,Consultoria TI,Diego Santos,Loja física,Pendente,1,1907.07,520.76
2024-09-23,PED-00458,Sul,PR,Computadores,Mini PC,Ana Lima,Venda direta,Pendente,2,2811.07,2087.44
2024-09-23,PED-00622,Sudeste,RJ,Computadores,Mini PC,Diego Santos,Loja física,Parcelado,3,3063.63,2027.22
2024-09-24,PED-00220,Sudeste,ES,Infraestrutura,Access Point,Bruno Silva,Venda direta,Parcelado,2,981.92,626.26
2024-09-24,PED-01180,Norte,RO,Periféricos,Mouse Sem Fio,Diego Santos,Parceiros,Pago,1,181.49,96.77
2024-09-25,PED-01352,Centro-Oeste,MT,Serviços,Implantação de Rede,Diego Santos,Parceiros,Parcelado,2,2821.65,1103.1
2024-09-26,PED-00443,Sul,SC,Infraestrutura,Switch Gerenciável,Gustavo Rocha,Parceiros,Pago,2,1795.47,1193.53
2024-09-27,PED-00074,Nordeste,PE,Serviços,Suporte Remoto,Bruno Silva,Online,Pago,1,471.22,127.01
2024-09-27,PED-00329,Sudeste,ES,Serviços,Suporte Remoto,Fernanda Costa,Venda direta,Pago,1,447.4,118.62
2024-09-28,PED-00027,Sudeste,MG,Serviços,Implantação de Rede,Fernanda Costa,Online,Pago,1,2677.82,1135.37
2024-09-28,PED-01013,Sul,RS,Computadores,Desktop Business,Diego Santos,Parceiros,Pago,4,4236.38,3237.3
2024-09-30,PED-00035,Sul,RS,Computadores,Desktop Business,Diego Santos,Parceiros,Pago,1,4631.82,3186.24
2024-09-30,PED-00173,Sudeste,RJ,Computadores,Notebook Pro,Diego Santos,Loja física,Pago,3,5665.46,4112.08
2024-09-30,PED-00262,Norte,RO,Computadores,Notebook Pro,Gustavo Rocha,Loja física,Pago,4,5645.77,4157.84
2024-09-30,PED-00728,Nordeste,BA,Computadores,Desktop Business,Ana Lima,Online,Parcelado,4,4695.46,3342.29
2024-10-01,PED-01126,Centro-Oeste,MS,Serviços,Implantação de Rede,Fernanda Costa,Online,Pago,1,2807.81,1146.45
2024-10-02,PED-01077,Centro-Oeste,DF,Computadores,Desktop Business,Bruno Silva,Venda direta,Pendente,5,4519.7,3372.4
2024-10-02,PED-01087,Sul,RS,Infraestrutura,Access Point,Carla Souza,Loja física,Pendente,3,971.73,649.52
2024-10-03,PED-00304,Sul,SC,Periféricos,Monitor 27,Fernanda Costa,Parceiros,Parcelado,3,1399.64,1046.76
2024-10-03,PED-00948,Sul,PR,Infraestrutura,Firewall Appliance,Fernanda Costa,Online,Pago,3,4612.4,3510.98
2024-10-03,PED-01024,Centro-Oeste,DF,Periféricos,Teclado Mecânico,Diego Santos,Online,Pago,2,441.38,247.56
2024-10-05,PED-00918,Sul,PR,Periféricos,Mouse Sem Fio,Fernanda Costa,Venda direta,Parcelado,2,187.44,92.92
2024-10-06,PED-00763,Sul,SC,Infraestrutura,Access Point,Gustavo Rocha,Loja física,Pago,4,1071.72,624.57
2024-10-06,PED-01143,Sul,SC,Serviços,Implantação de Rede,Carla Souza,Online,Parcelado,1,3076.73,1145.99
2024-10-07,PED-00593,Sul,SC,Periféricos,Mouse Sem Fio,Fernanda Costa,Online,Pago,3,186.44,96.66
2024-10-07,PED-00683,Nordeste,RN,Serviços,Consultoria TI,Diego Santos,Online,Pago,2,1960.14,503.88
2024-10-08,PED-00168,Sul,SC,Computadores,Mini PC,Bruno Silva,Parceiros,Parcelado,2,2915.54,2112.48
2024-10-08,PED-00985,Sul,PR,Computadores,Mini PC,Fernanda Costa,Online,Pago,5,3025.33,2024.26
2024-10-08,PED-01182,Sudeste,MG,Computadores,Notebook Pro,Ana Lima,Parceiros,Parcelado,2,4989.38,3927.38
2024-10-08,PED-01202,Sudeste,RJ,Periféricos,Mouse Sem Fio,Fernanda Costa,Parceiros,Pago,3,172.91,100.5
2024-10-09,PED-00084,Nordeste,RN,Infraestrutura,Firewall Appliance,Carla Souza,Venda direta,Pago,3,5154.55,3511.18
2024-10-09,PED-00106,Sul,PR,Serviços,Suporte Remoto,Ana Lima,Online,Pago,1,471.77,123.84
2024-10-09,PED-01264,Sul,SC,Computadores,Mini PC,Diego Santos,Loja física,Pago,5,3056.22,2031.94
2024-10-10,PED-01181,Sudeste,SP,Serviços,Suporte Remoto,Ana Lima,Venda direta,Pago,2,448.1,121.75
2024-10-11,PED-00054,Nordeste,RN,Infraestrutura,Access Point,Carla Souza,Loja física,Pago,4,940.49,636.55
2024-10-11,PED-00523,Centro-Oeste,GO,Computadores,Notebook Pro,Bruno Silva,Online,Parcelado,2,5016.79,3936.1
2024-10-12,PED-00061,Nordeste,PE,Serviços,Consultoria TI,Carla Souza,Loja física,Pendente,2,1808.75,511.28
2024-10-12,PED-00606,Sul,SC,Periféricos,Monitor 27,Fernanda Costa,Loja física,Parcelado,3,1477.27,977.7
2024-10-14,PED-00535,Nordeste,CE,Serviços,Consultoria TI,Fernanda Costa,Online,Pago,1,1868.93,506.49
2024-10-15,PED-00463,Sudeste,ES,Computadores,Notebook Pro,Carla Souza,Venda direta,Pago,1,5087.66,3987.76
2024-10-15,PED-01341,Sudeste,ES,Computadores,Mini PC,Ana Lima,Loja física,Pago,3,3023.15,2171.68
2024-10-15,PED-01360,Sudeste,MG,Periféricos,Teclado Mecânico,Diego Santos,Parceiros,Pendente,5,459.99,245.77
2024-10-16,PED-01165,Nordeste,RN,Serviços,Consultoria TI,Fernanda Costa,Online,Pago,1,1811.44,519.33
2024-10-17,PED-00043,Sudeste,MG,Computadores,Notebook Pro,Ana Lima,Online,Pago,3,5142.47,3882.54
2024-10-18,PED-00432,Centro-Oeste,MT,Infraestrutura,Switch Gerenciável,Diego Santos,Online,Pago,2,1825.84,1194.12
2024-10-18,PED-00703,Centro-Oeste,DF,Serviços,Implantação de Rede,Ana Lima,Venda direta,Pendente,1,3013.38,1090.51
2024-10-19,PED-00621,Sul,PR,Periféricos,Monitor 27,Fernanda Costa,Loja física,Pendente,2,1411.7,1046.96
2024-10-20,PED-00225,Sul,RS,Serviços,Suporte Remoto,Bruno Silva,Loja física,Parcelado,1,489.49,123.04
2024-10-21,PED-01018,Centro-Oeste,DF,Periféricos,Mouse Sem Fio,Gustavo Rocha,Loja física,Pago,5,184.48,95.5
2024-10-22,PED-01191,Sul,SC,Serviços,Consultoria TI,Fernanda Costa,Venda direta,Pendente,1,1897.76,493.14
2024-10-23,PED-00905,Sudeste,SP,Serviços,Suporte Remoto,Carla Souza,Online,Pago,1,477.38,119.33
2024-10-24,PED-01130,Sudeste,RJ,Infraestrutura,Firewall Appliance,Carla Souza,Loja física,Pago,5,4765.09,3568.91
2024-10-25,PED-01121,Sudeste,RJ,Serviços,Consultoria TI,Fernanda Costa,Loja física,Pendente,2,1846.45,530.22
2024-10-25,PED-01186,Nordeste,RN,Serviços,Suporte Remoto,Carla Souza,Venda direta,Pendente,1,470.69,119.11
2024-10-26,PED-00501,Nordeste,RN,Periféricos,Teclado Mecânico,Carla Souza,Venda direta,Parcelado,5,460.36,246.6
2024-10-27,PED-00005,Nordeste,CE,Periféricos,Mouse Sem Fio,Carla Souza,Online,Pago,1,173.42,94.83
2024-10-27,PED-01175,Sudeste,SP,Serviços,Implantação de Rede,Carla Souza,Online,Parcelado,2,2933.17,1135.05
2024-10-27,PED-01195,Sul,PR,Periféricos,Mouse Sem Fio,Diego Santos,Loja física,Pago,4,184.03,98.79
2024-10-28,PED-00473,Sudeste,ES,Periféricos,Mouse Sem Fio,Diego Santos,Parceiros,Parcelado,2,186.19,95.66
2024-10-28,PED-01084,Centro-Oeste,GO,Infraestrutura,Access Point,Ana Lima,Online,Parcelado,3,1067.72,657.71
2024-10-29,PED-00342,Sudeste,ES,Serviços,Implantação de Rede,Bruno Silva,Parceiros,Pago,1,2912.04,1175.26
2024-10-29,PED-00358,Sul,RS,Serviços,Suporte Remoto,Gustavo Rocha,Online,Pago,2,451.82,117.3
2024-10-30,PED-00360,Sudeste,SP,Computadores,Notebook Pro,Gustavo Rocha,Parceiros,Pendente,1,5607.59,3940.1
2024-10-31,PED-00667,Norte,AM,Periféricos,Mouse Sem Fio,Fernanda Costa,Parceiros,Pago,1,190.66,97.87
2024-11-01,PED-00399,Centro-Oeste,MT,Computadores,Mini PC,Fernanda Costa,Venda direta,Parcelado,5,2741.17,2015.22
2024-11-02,PED-00459,Sul,SC,Infraestrutura,Firewall Appliance,Bruno Silva,Venda direta,Parcelado,2,5148.38,3603.34
2024-11-02,PED-00534,Sudeste,MG,Computadores,Notebook Pro,Carla Souza,Online,Pago,5,5494.78,4105.13
2024-11-02,PED-00740,Sudeste,RJ,Serviços,Consultoria TI,Bruno Silva,Parceiros,Pendente,1,1752.89,513.31
2024-11-02,PED-00881,Nordeste,PE,Periféricos,Mouse Sem Fio,Bruno Silva,Venda direta,Pago,5,178.14,96.16
2024-11-02,PED-00896,Sudeste,MG,Periféricos,Monitor 27,Gustavo Rocha,Online,Pendente,5,1471.76,1042.66
2024-11-03,PED-00227,Centro-Oeste,DF,Computadores,Notebook Pro,Ana Lima,Online,Pago,4,5267.39,4016.76
2024-11-04,PED-00623,Sul,PR,Serviços,Implantação de Rede,Bruno Silva,Online,Parcelado,1,3063.6,1170.81
2024-11-06,PED-00217,Norte,PA,Periféricos,Monitor 27,Bruno Silva,Loja física,Pendente,1,1544.91,1027.48
2024-11-06,PED-01357,Nordeste,CE,Periféricos,Monitor 27,Diego Santos,Loja física,Pendente,4,1515.91,1004.52
2024-11-08,PED-00490,Sudeste,MG,Periféricos,Teclado Mecânico,Gustavo Rocha,Venda direta,Pendente,5,444.55,248.32
2024-11-08,PED-00790,Sudeste,MG,Infraestrutura,Firewall Appliance,Fernanda Costa,Venda direta,Pago,2,5247.35,3741.14
2024-11-09,PED-00837,Sudeste,ES,Serviços,Suporte Remoto,Bruno Silva,Loja física,Pago,2,440.24,122.67
2024-11-09,PED-01030,Sul,SC,Computadores,Notebook Pro,Fernanda Costa,Loja física,Pago,3,5088.02,4133.48
2024-11-09,PED-01158,Sul,RS,Periféricos,Monitor 27,Fernanda Costa,Venda direta,Pendente,4,1557.82,1000.68
2024-11-09,PED-01221,Sudeste,MG,Infraestrutura,Switch Gerenciável,Diego Santos,Online,Pendente,3,1784.18,1218.39
2024-11-10,PED-00426,Sudeste,ES,Periféricos,Mouse Sem Fio,Gustavo Rocha,Loja física,Pago,1,191.81,96.92
2024-11-10,PED-01203,Norte,PA,Infraestrutura,Switch Gerenciável,Gustavo Rocha,Loja física,Pago,4,1846.15,1192.05
2024-11-11,PED-00839,Centro-Oeste,DF,Serviços,Suporte Remoto,Bruno Silva,Venda direta,Pago,1,456.19,123.73
2024-11-13,PED-00153,Sudeste,ES,Infraestrutura,Access Point,Ana Lima,Parceiros,Pago,2,979.66,656.17
2024-11-13,PED-00810,Sudeste,ES,Periféricos,Mouse Sem Fio,Fernanda Costa,Venda direta,Pago,5,196.72,98.15
2024-11-13,PED-00926,Sul,PR,Serviços,Consultoria TI,Bruno Silva,Venda direta,Pendente,1,1743.69,492.91
2024-11-14,PED-00057,Sul,PR,Infraestrutura,Firewall Appliance,Ana Lima,Loja física,Pago,4,4874.12,3656.93
2024-11-14,PED-00331,Sudeste,ES,Computadores,Notebook Pro,Carla Souza,Parceiros,Pendente,2,5208.88,4085.15
2024-11-14,PED-00774,Sul,RS,Computadores,Notebook Pro,Gustavo Rocha,Parceiros,Pago,4,5306.51,3827.48
2024-11-14,PED-01293,Sudeste,ES,Infraestrutura,Switch Gerenciável,Bruno Silva,Parceiros,Pago,1,1724.02,1219.26
2024-11-15,PED-00121,Centro-Oeste,DF,Computadores,Notebook Pro,Ana Lima,Parceiros,Pendente,2,5545.97,3836.7
2024-11-15,PED-00641,Centro-Oeste,GO,Serviços,Consultoria TI,Gustavo Rocha,Online,Pago,2,1770.1,503.59
2024-11-16,PED-00272,Sudeste,MG,Periféricos,Teclado Mecânico,Ana Lima,Online,Parcelado,2,441.18,260.34
2024-11-17,PED-00160,Centro-Oeste,GO,Computadores,Notebook Pro,Fernanda Costa,Online,Pago,2,5356.33,3957.43
2024-11-17,PED-00686,Sudeste,SP,Periféricos,Monitor 27,Gustavo Rocha,Loja física,Parcelado,5,1538.01,1028.67
2024-11-18,PED-00483,Sudeste,MG,Infraestrutura,Switch Gerenciável,Bruno Silva,Loja física,Pendente,4,1884.36,1210.67
2024-11-18,PED-01019,Centro-Oeste,GO,Periféricos,Teclado Mecânico,Diego Santos,Venda direta,Pago,4,411.2,245.09
2024-11-18,PED-01088,Centro-Oeste,DF,Periféricos,Teclado Mecânico,Fernanda Costa,Online,Pago,4,424.4,252.88
2024-11-19,PED-00396,Sul,RS,Computadores,Mini PC,Gustavo Rocha,Online,Pago,1,2941.11,2123.73
2024-11-19,PED-01331,Sudeste,ES,Serviços,Implantação de Rede,Fernanda Costa,Loja física,Pago,1,2800.49,1087.37
2024-11-20,PED-00234,Sudeste,SP,Computadores,Desktop Business,Bruno Silva,Online,Pago,4,4343.84,3212.69
2024-11-20,PED-00277,Sul,RS,Serviços,Implantação de Rede,Ana Lima,Online,Parcelado,1,2989.61,1173.5
2024-11-20,PED-00697,Centro-Oeste,MS,Periféricos,Teclado Mecânico,Diego Santos,Parceiros,Pago,1,421.48,267.26
2024-11-20,PED-01081,Sul,RS,Periféricos,Monitor 27,Carla Souza,Online,Parcelado,3,1592.2,961.07
2024-11-21,PED-00757,Sudeste,ES,Computadores,Desktop Business,Ana Lima,Parceiros,Parcelado,1,4373.06,3202.1
2024-11-22,PED-00213,Centro-Oeste,MS,Periféricos,Teclado Mecânico,Bruno Silva,Loja física,Pago,4,413.72,257.15
2024-11-22,PED-00672,Nordeste,BA,Periféricos,Teclado Mecânico,Carla Souza,Loja física,Pendente,3,452.1,259.63
2024-11-23,PED-00862,Nordeste,PE,Periféricos,Monitor 27,Carla Souza,Loja física,Pago,4,1392.16,1036.3
2024-11-23,PED-00864,Sudeste,SP,Infraestrutura,Firewall Appliance,Diego Santos,Parceiros,Pendente,5,4930.07,3693.46
2024-11-23,PED-00910,Nordeste,PE,Computadores,Notebook Pro,Carla Souza,Venda direta,Pago,1,5476.17,3934.03
2024-11-24,PED-00240,Centro-Oeste,GO,Serviços,Implantação de Rede,Carla Souza,Venda direta,Parcelado,1,3070.32,1174.94
2024-11-24,PED-00614,Sudeste,MG,Serviços,Implantação de Rede,Diego Santos,Online,Pendente,1,2709.98,1111.98
2024-11-24,PED-01052,Sul,SC,Serviços,Suporte Remoto,Gustavo Rocha,Parceiros,Pago,1,444.04,122.91
2024-11-25,PED-00112,Centro-Oeste,DF,Periféricos,Teclado Mecânico,Carla Souza,Venda direta,Parcelado,5,440.67,257.38
2024-11-25,PED-00350,Nordeste,PE,Computadores,Mini PC,Gustavo Rocha,Parceiros,Pago,1,2935.21,2054.19
2024-11-26,PED-01097,Sudeste,RJ,Periféricos,Monitor 27,Fernanda Costa,Parceiros,Pago,2,1479.41,984.65
2024-11-26,PED-01253,Sul,SC,Serviços,Implantação de Rede,Fernanda Costa,Venda direta,Pendente,1,2936.02,1159.62
2024-11-27,PED-00014,Sudeste,SP,Infraestrutura,Switch Gerenciável,Ana Lima,Online,Pendente,2,1692.38,1271.76
2024-11-27,PED-00197,Norte,PA,Infraestrutura,Switch Gerenciável,Carla Souza,Parceiros,Parcelado,2,1789.54,1204.45
2024-11-27,PED-00518,Centro-Oeste,GO,Computadores,Notebook Pro,Ana Lima,Venda direta,Parcelado,1,5510.18,4045.89
2024-11-28,PED-01193,Centro-Oeste,GO,Serviços,Consultoria TI,Fernanda Costa,Venda direta,Parcelado,1,1970.5,490.64
2024-11-28,PED-01275,Sudeste,MG,Periféricos,Monitor 27,Carla Souza,Venda direta,Pago,5,1549.86,1008.85
2024-11-29,PED-00664,Sul,RS,Serviços,Consultoria TI,Fernanda Costa,Online,Pago,2,1794.37,521.54
2024-11-30,PED-01103,Sul,SC,Infraestrutura,Switch Gerenciável,Gustavo Rocha,Parceiros,Pago,5,1845.85,1183.2
2024-12-03,PED-00885,Centro-Oeste,MT,Infraestrutura,Switch Gerenciável,Ana Lima,Online,Pendente,2,1898.74,1202.26
2024-12-04,PED-00065,Sudeste,ES,Infraestrutura,Switch Gerenciável,Carla Souza,Online,Parcelado,3,1738.91,1256.96
2024-12-05,PED-00498,Sul,RS,Periféricos,Monitor 27,Diego Santos,Loja física,Pago,5,1501.55,984.81
2024-12-05,PED-01116,Sudeste,RJ,Computadores,Notebook Pro,Fernanda Costa,Venda direta,Pendente,1,5557.36,4015.25
2024-12-06,PED-00827,Sul,RS,Infraestrutura,Firewall Appliance,Fernanda Costa,Venda direta,Pendente,4,4657.63,3439.6
2024-12-07,PED-00128,Nordeste,BA,Computadores,Mini PC,Carla Souza,Loja física,Pago,5,2767.59,2157.66
2024-12-09,PED-00283,Nordeste,CE,Computadores,Desktop Business,Fernanda Costa,Parceiros,Pago,5,4517.01,3285.62
2024-12-09,PED-01340,Sudeste,ES,Serviços,Consultoria TI,Carla Souza,Loja física,Pendente,2,1763.31,506.48
2024-12-10,PED-00052,Centro-Oeste,MS,Periféricos,Teclado Mecânico,Diego Santos,Online,Pago,2,462.42,257.56
2024-12-10,PED-00181,Sudeste,ES,Infraestrutura,Switch Gerenciável,Diego Santos,Parceiros,Pago,1,1773.42,1251.72
2024-12-10,PED-00340,Norte,RO,Infraestrutura,Switch Gerenciável,Gustavo Rocha,Parceiros,Pago,3,1845.48,1282.44
2024-12-11,PED-00727,Sudeste,RJ,Computadores,Mini PC,Carla Souza,Online,Parcelado,2,2884.75,2198.66
2024-12-13,PED-01294,Sudeste,SP,Infraestrutura,Access Point,Gustavo Rocha,Parceiros,Pago,5,950.01,640.07
2024-12-14,PED-00309,Centro-Oeste,MT,Computadores,Notebook Pro,Ana Lima,Parceiros,Pago,2,5431.98,4155.4
2024-12-15,PED-00371,Sudeste,SP,Periféricos,Teclado Mecânico,Diego Santos,Parceiros,Pendente,3,437.15,259.53
2024-12-15,PED-00532,Sudeste,SP,Periféricos,Monitor 27,Diego Santos,Venda direta,Pago,3,1565.98,1044.63
2024-12-15,PED-00731,Sudeste,RJ,Computadores,Desktop Business,Gustavo Rocha,Loja física,Pago,3,4570.95,3261.74
2024-12-16,PED-00347,Sudeste,ES,Periféricos,Teclado Mecânico,Gustavo Rocha,Loja física,Pago,2,450.29,256.49
2024-12-16,PED-00967,Norte,AM,Periféricos,Monitor 27,Fernanda Costa,Loja física,Pendente,3,1588.41,1004.91
2024-12-16,PED-01155,Centro-Oeste,MT,Computadores,Mini PC,Ana Lima,Online,Parcelado,2,2793.35,2099.48
2024-12-17,PED-01065,Sudeste,SP,Periféricos,Monitor 27,Gustavo Rocha,Online,Pago,1,1515.1,981.97
2024-12-18,PED-00735,Sul,SC,Periféricos,Mouse Sem Fio,Fernanda Costa,Venda direta,Pago,4,184.41,95.0
2024-12-19,PED-01177,Norte,RO,Periféricos,Mouse Sem Fio,Carla Souza,Parceiros,Pago,5,187.58,93.56
2024-12-20,PED-01184,Nordeste,PE,Serviços,Consultoria TI,Gustavo Rocha,Venda direta,Pago,2,1783.47,522.65
2024-12-21,PED-01098,Sudeste,SP,Infraestrutura,Switch Gerenciável,Carla Souza,Parceiros,Parcelado,4,1791.09,1275.07
2024-12-22,PED-00247,Sudeste,ES,Periféricos,Mouse Sem Fio,Gustavo Rocha,Venda direta,Pago,4,181.89,94.06
2024-12-22,PED-00867,Nordeste,RN,Computadores,Mini PC,Gustavo Rocha,Venda direta,Pago,3,2803.03,2185.35
2024-12-23,PED-00887,Centro-Oeste,MT,Infraestrutura,Firewall Appliance,Diego Santos,Loja física,Pago,1,5227.01,3488.89
2024-12-25,PED-01278,Sudeste,ES,Infraestrutura,Access Point,Fernanda Costa,Parceiros,Parcelado,2,986.72,614.65
2024-12-26,PED-00051,Sudeste,ES,Serviços,Consultoria TI,Diego Santos,Online,Pendente,1,1854.96,503.11
2024-12-27,PED-00564,Norte,AM,Infraestrutura,Access Point,Carla Souza,Parceiros,Pago,1,1038.93,642.38
2024-12-28,PED-01035,Sudeste,ES,Serviços,Implantação de Rede,Diego Santos,Online,Pago,1,3055.5,1081.91
2024-12-28,PED-01093,Sul,RS,Periféricos,Mouse Sem Fio,Carla Souza,Online,Pago,3,175.99,101.05
2024-12-29,PED-00968,Nordeste,RN,Computadores,Mini PC,Fernanda Costa,Loja física,Pago,5,2769.45,2147.57
2024-12-30,PED-00471,Centro-Oeste,DF,Periféricos,Teclado Mecânico,Gustavo Rocha,Parceiros,Pendente,2,422.52,258.12
2024-12-30,PED-00545,Sudeste,RJ,Computadores,Desktop Business,Gustavo Rocha,Venda direta,Pago,5,4212.01,3378.84
2024-12-31,PED-00626,Sul,PR,Periféricos,Mouse Sem Fio,Carla Souza,Loja física,Pago,5,178.64,101.38
2025-01-01,PED-00397,Nordeste,BA,Infraestrutura,Firewall Appliance,Diego Santos,Venda direta,Pendente,3,5214.79,3655.6
2025-01-01,PED-00787,Sul,PR,Periféricos,Teclado Mecânico,Carla Souza,Online,Pago,4,430.6,268.37
2025-01-02,PED-00410,Sul,SC,Periféricos,Monitor 27,Bruno Silva,Parceiros,Pendente,3,1524.28,1001.25
2025-01-03,PED-00835,Sudeste,RJ,Serviços,Implantação de Rede,Bruno Silva,Venda direta,Pago,2,2999.88,1196.48
2025-01-04,PED-00940,Nordeste,PE,Infraestrutura,Switch Gerenciável,Diego Santos,Loja física,Pago,2,1960.62,1284.26
2025-01-06,PED-00138,Sudeste,RJ,Infraestrutura,Switch Gerenciável,Ana Lima,Parceiros,Pago,2,1802.53,1236.87
2025-01-06,PED-00768,Sul,SC,Periféricos,Monitor 27,Ana Lima,Parceiros,Parcelado,2,1656.57,1056.94
2025-01-08,PED-01023,Sudeste,MG,Infraestrutura,Firewall Appliance,Fernanda Costa,Venda direta,Pago,3,5417.66,3820.21
2025-01-09,PED-00100,Sul,SC,Computadores,Desktop Business,Gustavo Rocha,Parceiros,Parcelado,5,4363.38,3368.84
2025-01-09,PED-00177,Sul,PR,Periféricos,Teclado Mecânico,Diego Santos,Parceiros,Parcelado,5,436.48,263.61
2025-01-09,PED-00408,Sudeste,MG,Periféricos,Teclado Mecânico,Fernanda Costa,Online,Pago,5,450.3,263.86
2025-01-09,PED-00425,Centro-Oeste,MS,Periféricos,Teclado Mecânico,Carla Souza,Venda direta,Pago,5,467.34,265.91
2025-01-10,PED-00959,Sudeste,MG,Infraestrutura,Access Point,Gustavo Rocha,Online,Parcelado,4,1050.05,646.46
2025-01-10,PED-01200,Sudeste,MG,Periféricos,Monitor 27,Gustavo Rocha,Online,Pendente,4,1489.99,1006.33
2025-01-11,PED-00155,Nordeste,CE,Computadores,Mini PC,Bruno Silva,Parceiros,Pago,4,2822.72,2203.9
2025-01-12,PED-00853,Sudeste,ES,Serviços,Consultoria TI,Carla Souza,Online,Pago,1,1794.36,539.24
2025-01-13,PED-00693,Sudeste,ES,Computadores,Notebook Pro,Gustavo Rocha,Venda direta,Pago,4,5284.07,4088.91
2025-01-13,PED-01145,Sul,RS,Periféricos,Mouse Sem Fio,Diego Santos,Online,Pago,2,202.62,97.87
2025-01-14,PED-00322,Nordeste,CE,Periféricos,Teclado Mecânico,Bruno Silva,Parceiros,Parcelado,1,434.9,265.49
2025-01-14,PED-00851,Centro-Oeste,MT,Infraestrutura,Access Point,Ana Lima,Parceiros,Pago,3,1073.2,653.3
2025-01-14,PED-01319,Sul,PR,Periféricos,Monitor 27,Diego Santos,Online,Pago,4,1445.52,1002.71
2025-01-16,PED-00287,Sul,RS,Computadores,Notebook Pro,Diego Santos,Online,Pendente,2,5801.97,4333.78
2025-01-16,PED-00299,Centro-Oeste,DF,Infraestrutura,Access Point,Gustavo Rocha,Venda direta,Pago,1,1121.49,642.61
2025-01-16,PED-00362,Nordeste,PE,Computadores,Desktop Business,Diego Santos,Venda direta,Pendente,4,4898.59,3339.31
2025-01-17,PED-00310,Centro-Oeste,MS,Computadores,Desktop Business,Gustavo Rocha,Venda direta,Pendente,3,4490.38,3554.23
2025-01-17,PED-00759,Sudeste,RJ,Periféricos,Mouse Sem Fio,Ana Lima,Online,Pendente,4,205.03,101.7
2025-01-18,PED-00115,Norte,RO,Serviços,Suporte Remoto,Ana Lima,Parceiros,Pago,1,503.93,123.18
2025-01-18,PED-00246,Sudeste,RJ,Infraestrutura,Access Point,Ana Lima,Online,Pago,4,991.68,655.52
2025-01-18,PED-00679,Centro-Oeste,DF,Infraestrutura,Firewall Appliance,Carla Souza,Loja física,Pago,4,5120.97,3643.86
2025-01-18,PED-00978,Nordeste,CE,Infraestrutura,Firewall Appliance,Diego Santos,Loja física,Pago,3,5001.68,3863.0
2025-01-18,PED-01206,Sudeste,ES,Periféricos,Mouse Sem Fio,Ana Lima,Online,Pago,4,184.04,104.8
2025-01-18,PED-01297,Sudeste,ES,Periféricos,Mouse Sem Fio,Fernanda Costa,Online,Parcelado,2,201.11,100.71
2025-01-19,PED-00602,Nordeste,BA,Serviços,Consultoria TI,Bruno Silva,Venda direta,Pago,2,1808.04,529.59
2025-01-20,PED-00137,Centro-Oeste,MT,Periféricos,Mouse Sem Fio,Fernanda Costa,Parceiros,Pago,5,181.85,102.75
2025-01-20,PED-00185,Sudeste,RJ,Serviços,Consultoria TI,Gustavo Rocha,Parceiros,Parcelado,2,1939.44,541.04
2025-01-20,PED-00338,Nordeste,RN,Infraestrutura,Access Point,Fernanda Costa,Venda direta,Parcelado,4,1020.41,661.71
2025-01-20,PED-00499,Sudeste,SP,Infraestrutura,Access Point,Fernanda Costa,Parceiros,Pago,1,1017.78,677.59
2025-01-21,PED-00216,Centro-Oeste,DF,Computadores,Notebook Pro,Diego Santos,Loja física,Pago,5,5740.21,4176.57
2025-01-21,PED-00665,Sudeste,MG,Computadores,Desktop Business,Diego Santos,Parceiros,Pago,1,4725.37,3319.18
2025-01-21,PED-01247,Nordeste,PE,Periféricos,Monitor 27,Diego Santos,Online,Pago,1,1519.81,1018.07
2025-01-23,PED-00023,Sul,SC,Infraestrutura,Switch Gerenciável,Fernanda Costa,Venda direta,Pago,3,1853.56,1330.71
2025-01-23,PED-00475,Centro-Oeste,DF,Infraestrutura,Firewall Appliance,Fernanda Costa,Venda direta,Pago,2,5011.16,3582.75
2025-01-23,PED-00526,Nordeste,RN,Computadores,Desktop Business,Carla Souza,Parceiros,Parcelado,4,4370.38,3468.37
2025-01-24,PED-00004,Sul,SC,Infraestrutura,Access Point,Diego Santos,Online,Parcelado,4,1054.46,688.47
2025-01-24,PED-00071,Sudeste,ES,Infraestrutura,Firewall Appliance,Fernanda Costa,Online,Pago,4,5000.25,3768.96
2025-01-25,PED-00101,Nordeste,CE,Computadores,Mini PC,Fernanda Costa,Parceiros,Parcelado,2,2985.83,2207.24
2025-01-25,PED-00450,Centro-Oeste,MS,Periféricos,Monitor 27,Diego Santos,Online,Pago,3,1535.55,1054.49
2025-01-27,PED-00086,Sul,SC,Computadores,Desktop Business,Diego Santos,Loja física,Pendente,4,4734.54,3504.03
2025-01-27,PED-00994,Sudeste,MG,Infraestrutura,Firewall Appliance,Fernanda Costa,Parceiros,Parcelado,1,5102.84,3858.59
2025-01-28,PED-00583,Norte,AM,Computadores,Mini PC,Gustavo Rocha,Parceiros,Pendente,5,3178.45,2156.27
2025-01-28,PED-00779,Sudeste,ES,Computadores,Desktop Business,Bruno Silva,Online,Pago,1,4574.28,3356.51
2025-01-29,PED-00650,Sudeste,MG,Serviços,Suporte Remoto,Bruno Silva,Online,Pendente,2,467.79,131.9
2025-01-30,PED-00315,Sudeste,ES,Periféricos,Teclado Mecânico,Diego Santos,Online,Pendente,4,473.45,262.78
2025-01-31,PED-00603,Sudeste,ES,Periféricos,Mouse Sem Fio,Bruno Silva,Online,Parcelado,3,205.41,98.5
2025-02-01,PED-00254,Sudeste,RJ,Serviços,Implantação de Rede,Gustavo Rocha,Loja física,Parcelado,1,2997.79,1177.97
2025-02-01,PED-00327,Sudeste,MG,Infraestrutura,Firewall Appliance,Gustavo Rocha,Venda direta,Pago,4,5446.29,3572.46
2025-02-01,PED-00961,Nordeste,BA,Infraestrutura,Switch Gerenciável,Diego Santos,Online,Pago,4,1914.16,1326.66
2025-02-02,PED-00467,Centro-Oeste,MT,Infraestrutura,Access Point,Ana Lima,Parceiros,Pendente,1,1086.83,664.67
2025-02-03,PED-01047,Sudeste,RJ,Periféricos,Teclado Mecânico,Bruno Silva,Parceiros,Pago,5,440.46,271.97
2025-02-03,PED-01261,Nordeste,RN,Serviços,Implantação de Rede,Ana Lima,Online,Pago,2,2851.85,1220.11
2025-02-04,PED-01384,Centro-Oeste,GO,Serviços,Implantação de Rede,Bruno Silva,Online,Parcelado,2,3126.15,1191.6
2025-02-06,PED-00503,Centro-Oeste,DF,Infraestrutura,Firewall Appliance,Fernanda Costa,Parceiros,Pago,3,5045.36,3669.46
2025-02-06,PED-00734,Nordeste,PE,Computadores,Mini PC,Gustavo Rocha,Parceiros,Pago,5,3200.11,2172.17
2025-02-06,PED-01017,Sul,RS,Infraestrutura,Switch Gerenciável,Gustavo Rocha,Parceiros,Parcelado,2,1791.49,1246.77
2025-02-06,PED-01138,Sudeste,ES,Serviços,Implantação de Rede,Ana Lima,Loja física,Pago,2,3144.32,1154.8
2025-02-06,PED-01326,Sul,PR,Serviços,Implantação de Rede,Fernanda Costa,Loja física,Pendente,2,2816.37,1144.31
2025-02-07,PED-01048,Sul,RS,Serviços,Implantação de Rede,Gustavo Rocha,Parceiros,Pago,2,3047.4,1140.44
2025-02-09,PED-00330,Nordeste,CE,Periféricos,Monitor 27,Ana Lima,Parceiros,Pago,4,1646.03,1083.15
2025-02-09,PED-01188,Sul,PR,Infraestrutura,Access Point,Diego Santos,Venda direta,Pago,2,1090.05,690.44
2025-02-09,PED-01230,Nordeste,BA,Computadores,Mini PC,Ana Lima,Parceiros,Parcelado,3,2801.93,2175.68
2025-02-10,PED-00676,Norte,RO,Periféricos,Monitor 27,Ana Lima,Parceiros,Pendente,1,1570.6,1045.99
2025-02-11,PED-00628,Sul,SC,Infraestrutura,Switch Gerenciável,Carla Souza,Venda direta,Parcelado,3,1750.16,1262.98
2025-02-12,PED-00010,Sudeste,RJ,Serviços,Suporte Remoto,Bruno Silva,Venda direta,Parcelado,1,506.84,124.1
2025-02-12,PED-00706,Sudeste,RJ,Serviços,Suporte Remoto,Diego Santos,Parceiros,Pago,1,506.25,124.21
2025-02-12,PED-01112,Sudeste,SP,Infraestrutura,Switch Gerenciável,Carla Souza,Venda direta,Pendente,2,1835.41,1317.31
2025-02-13,PED-00992,Nordeste,CE,Periféricos,Monitor 27,Fernanda Costa,Parceiros,Pago,3,1654.87,1008.77
2025-02-13,PED-01199,Centro-Oeste,MS,Serviços,Suporte Remoto,Fernanda Costa,Online,Pago,1,458.99,125.35
2025-02-14,PED-00244,Sudeste,ES,Computadores,Desktop Business,Ana Lima,Loja física,Pago,5,4672.25,3542.14
2025-02-16,PED-01185,Sul,RS,Computadores,Mini PC,Bruno Silva,Parceiros,Pago,4,3028.87,2157.67
2025-02-17,PED-00370,Sudeste,SP,Computadores,Mini PC,Fernanda Costa,Loja física,Pendente,5,3060.59,2264.42
2025-02-17,PED-01302,Sudeste,SP,Serviços,Suporte Remoto,Fernanda Costa,Venda direta,Pago,2,456.21,128.78
2025-02-20,PED-00295,Sul,SC,Periféricos,Teclado Mecânico,Ana Lima,Loja física,Pago,3,448.21,275.25
2025-02-22,PED-00922,Nordeste,CE,Infraestrutura,Access Point,Carla Souza,Loja física,Pago,1,1098.37,645.1
2025-02-23,PED-00995,Sudeste,MG,Serviços,Suporte Remoto,Bruno Silva,Parceiros,Pago,1,461.26,126.04
2025-02-23,PED-01149,Sul,RS,Computadores,Desktop Business,Diego Santos,Online,Parcelado,3,4650.98,3298.47
2025-02-23,PED-01309,Centro-Oeste,MS,Serviços,Implantação de Rede,Diego Santos,Parceiros,Parcelado,2,3145.98,1141.4
2025-02-24,PED-01192,Sul,PR,Periféricos,Monitor 27,Fernanda Costa,Venda direta,Pago,5,1581.15,1092.7
2025-02-25,PED-00944,Centro-Oeste,MS,Computadores,Desktop Business,Ana Lima,Loja física,Parcelado,1,4392.27,3531.97
2025-02-26,PED-00223,Sul,RS,Periféricos,Monitor 27,Carla Souza,Online,Parcelado,2,1449.48,1046.5
2025-02-26,PED-00436,Norte,RO,Computadores,Mini PC,Gustavo Rocha,Parceiros,Pago,3,2898.53,2108.24
2025-02-26,PED-01274,Nordeste,RN,Infraestrutura,Switch Gerenciável,Carla Souza,Venda direta,Pago,3,1838.68,1334.17
2025-02-27,PED-00517,Sudeste,SP,Periféricos,Teclado Mecânico,Diego Santos,Online,Pago,5,475.27,276.29
2025-02-27,PED-00527,Sudeste,RJ,Computadores,Notebook Pro,Ana Lima,Venda direta,Parcelado,5,5755.24,4210.59
2025-02-27,PED-01291,Centro-Oeste,GO,Periféricos,Mouse Sem Fio,Diego Santos,Online,Pago,2,202.06,97.12
2025-02-28,PED-00328,Sul,RS,Computadores,Notebook Pro,Fernanda Costa,Parceiros,Pendente,5,5793.75,4269.02
2025-02-28,PED-00415,Nordeste,BA,Serviços,Consultoria TI,Gustavo Rocha,Venda direta,Pago,2,1925.1,537.99
2025-02-28,PED-00979,Sul,PR,Periféricos,Teclado Mecânico,Carla Souza,Loja física,Parcelado,5,470.49,269.22
2025-02-28,PED-01283,Sudeste,RJ,Serviços,Suporte Remoto,Diego Santos,Parceiros,Pago,2,491.19,132.53
2025-03-02,PED-00149,Sul,RS,Computadores,Mini PC,Fernanda Costa,Online,Pendente,3,2828.68,2197.22
2025-03-02,PED-00489,Norte,PA,Periféricos,Mouse Sem Fio,Gustavo Rocha,Venda direta,Pago,5,204.93,102.8
2025-03-02,PED-00713,Nordeste,CE,Infraestrutura,Firewall Appliance,Carla Souza,Parceiros,Pago,4,5342.28,3725.84
2025-03-02,PED-00846,Centro-Oeste,MS,Periféricos,Monitor 27,Diego Santos,Loja física,Parcelado,3,1490.49,1013.62
2025-03-02,PED-01359,Sudeste,MG,Periféricos,Teclado Mecânico,Ana Lima,Loja física,Parcelado,3,462.86,265.63
2025-03-04,PED-01107,Centro-Oeste,MS,Periféricos,Mouse Sem Fio,Bruno Silva,Parceiros,Pago,3,193.01,103.01
2025-03-06,PED-00618,Sudeste,SP,Infraestrutura,Access Point,Fernanda Costa,Parceiros,Pendente,1,983.37,680.91
2025-03-07,PED-00746,Sul,SC,Infraestrutura,Access Point,Ana Lima,Parceiros,Pago,2,1099.73,662.31
2025-03-08,PED-00002,Sul,PR,Periféricos,Monitor 27,Gustavo Rocha,Venda direta,Pago,5,1580.26,1053.68
2025-03-08,PED-00895,Sudeste,RJ,Infraestrutura,Access Point,Fernanda Costa,Online,Pago,3,1113.59,648.12
2025-03-08,PED-01032,Sudeste,SP,Infraestrutura,Switch Gerenciável,Gustavo Rocha,Parceiros,Parcelado,5,1831.28,1290.53
2025-03-11,PED-01120,Sudeste,SP,Infraestrutura,Switch Gerenciável,Gustavo Rocha,Venda direta,Pendente,4,1803.11,1256.1
2025-03-11,PED-01127,Centro-Oeste,MS,Periféricos,Monitor 27,Bruno Silva,Venda direta,Pago,2,1562.53,1012.41
2025-03-11,PED-01171,Sudeste,SP,Serviços,Consultoria TI,Fernanda Costa,Parceiros,Pago,2,2009.7,544.81
2025-03-12,PED-01101,Centro-Oeste,GO,Serviços,Implantação de Rede,Ana Lima,Venda direta,Pendente,1,3099.19,1220.41
2025-03-13,PED-00870,Centro-Oeste,GO,Computadores,Notebook Pro,Ana Lima,Online,Parcelado,3,5955.41,4050.7
2025-03-14,PED-00855,Norte,AM,Computadores,Mini PC,Bruno Silva,Online,Pago,4,2923.01,2132.25
2025-03-15,PED-00126,Sudeste,ES,Infraestrutura,Access Point,Fernanda Costa,Venda direta,Pago,4,983.2,652.57
2025-03-15,PED-00266,Nordeste,RN,Infraestrutura,Switch Gerenciável,Fernanda Costa,Venda direta,Pago,3,1838.33,1292.14
2025-03-15,PED-00803,Nordeste,RN,Periféricos,Teclado Mecânico,Bruno Silva,Loja física,Pago,4,473.43,256.08
2025-03-16,PED-00658,Nordeste,BA,Serviços,Implantação de Rede,Ana Lima,Online,Pago,2,3156.17,1170.2
2025-03-16,PED-00698,Sudeste,MG,Infraestrutura,Firewall Appliance,Gustavo Rocha,Venda direta,Pago,3,5112.35,3630.34
2025-03-16,PED-00980,Sul,SC,Periféricos,Mouse Sem Fio,Fernanda Costa,Venda direta,Pago,4,202.24,104.33
2025-03-17,PED-00235,Sudeste,ES,Computadores,Notebook Pro,Fernanda Costa,Parceiros,Pendente,1,5474.97,4018.37
2025-03-18,PED-00556,Centro-Oeste,MS,Infraestrutura,Firewall Appliance,Bruno Silva,Loja física,Pendente,4,5091.08,3720.9
2025-03-19,PED-01104,Sul,RS,Infraestrutura,Access Point,Ana Lima,Online,Pago,5,1076.67,685.4
2025-03-20,PED-00281,Sul,RS,Computadores,Desktop Business,Gustavo Rocha,Online,Pago,2,4377.19,3485.53
2025-03-20,PED-00349,Centro-Oeste,MS,Serviços,Implantação de Rede,Gustavo Rocha,Parceiros,Pago,2,2802.4,1179.81
2025-03-21,PED-01140,Centro-Oeste,GO,Computadores,Desktop Business,Diego Santos,Loja física,Parcelado,4,4794.37,3374.63
2025-03-23,PED-00460,Sudeste,RJ,Serviços,Implantação de Rede,Bruno Silva,Parceiros,Pago,1,2910.13,1168.06
2025-03-24,PED-00723,Sul,PR,Infraestrutura,Firewall Appliance,Gustavo Rocha,Venda direta,Pendente,4,4894.55,3673.37
2025-03-25,PED-01096,Sul,RS,Infraestrutura,Access Point,Fernanda Costa,Venda direta,Pago,2,1023.56,653.55
2025-03-27,PED-00820,Sudeste,RJ,Computadores,Mini PC,Gustavo Rocha,Online,Pendente,5,2890.61,2230.73
2025-03-27,PED-00848,Centro-Oeste,DF,Periféricos,Monitor 27,Ana Lima,Parceiros,Pago,3,1468.74,1012.71
2025-03-27,PED-01014,Sudeste,SP,Computadores,Mini PC,Carla Souza,Loja física,Pendente,4,3105.76,2176.91
2025-03-29,PED-00733,Sul,PR,Computadores,Notebook Pro,Bruno Silva,Venda direta,Pago,3,5444.68,4350.34
2025-03-30,PED-00105,Sudeste,RJ,Infraestrutura,Access Point,Carla Souza,Online,Pendente,3,1059.64,691.35
2025-03-30,PED-00355,Sudeste,MG,Serviços,Consultoria TI,Ana Lima,Parceiros,Pendente,1,1855.39,543.55
2025-03-30,PED-00752,Sul,RS,Infraestrutura,Switch Gerenciável,Ana Lima,Parceiros,Pendente,5,1762.01,1324.78
2025-03-30,PED-01146,Centro-Oeste,DF,Infraestrutura,Access Point,Gustavo Rocha,Online,Pago,5,1020.66,683.91
2025-03-30,PED-01324,Norte,AM,Infraestrutura,Switch Gerenciável,Fernanda Costa,Loja física,Pago,3,1923.73,1241.02
2025-03-31,PED-00781,Sul,PR,Computadores,Notebook Pro,Gustavo Rocha,Parceiros,Pago,2,5442.25,4146.39
2025-04-01,PED-00708,Nordeste,RN,Infraestrutura,Firewall Appliance,Carla Souza,Loja física,Pendente,5,5112.86,3835.78
2025-04-02,PED-00085,Sudeste,MG,Infraestrutura,Firewall Appliance,Bruno Silva,Loja física,Parcelado,5,5080.01,3895.0
2025-04-02,PED-00157,Sul,SC,Serviços,Implantação de Rede,Carla Souza,Loja física,Pago,1,2837.07,1192.98
2025-04-02,PED-00314,Sul,PR,Periféricos,Mouse Sem Fio,Gustavo Rocha,Online,Pago,1,189.78,104.39
2025-04-02,PED-01123,Sudeste,SP,Infraestrutura,Switch Gerenciável,Ana Lima,Loja física,Pago,2,1965.03,1340.38
2025-04-04,PED-00003,Sudeste,SP,Periféricos,Mouse Sem Fio,Carla Souza,Online,Pago,4,189.51,98.64
2025-04-04,PED-00021,Sul,PR,Infraestrutura,Switch Gerenciável,Fernanda Costa,Online,Pago,2,1981.96,1236.71
2025-04-04,PED-00146,Centro-Oeste,DF,Computadores,Desktop Business,Gustavo Rocha,Venda direta,Pago,2,4844.59,3443.24
2025-04-04,PED-01338,Norte,AM,Computadores,Desktop Business,Ana Lima,Loja física,Parcelado,4,4731.94,3376.96
2025-04-07,PED-00114,Nordeste,RN,Infraestrutura,Switch Gerenciável,Diego Santos,Parceiros,Pago,4,1862.21,1238.98
2025-04-07,PED-00264,Sul,PR,Serviços,Consultoria TI,Diego Santos,Venda direta,Pago,2,1990.29,553.76
2025-04-08,PED-00294,Sudeste,SP,Periféricos,Monitor 27,Diego Santos,Venda direta,Pago,5,1476.54,1012.83
2025-04-08,PED-00462,Sudeste,ES,Periféricos,Teclado Mecânico,Ana Lima,Loja física,Pago,1,430.39,279.1
2025-04-09,PED-00171,Sul,PR,Periféricos,Teclado Mecânico,Fernanda Costa,Loja física,Pago,4,451.21,260.73
2025-04-09,PED-00203,Sul,SC,Serviços,Consultoria TI,Carla Souza,Online,Pendente,1,1953.78,543.95
2025-04-09,PED-00704,Centro-Oeste,MT,Computadores,Desktop Business,Carla Souza,Loja física,Pago,1,4729.86,3566.68
2025-04-10,PED-00200,Centro-Oeste,MT,Serviços,Consultoria TI,Bruno Silva,Loja física,Parcelado,2,2007.12,550.15
2025-04-11,PED-00546,Sudeste,ES,Serviços,Suporte Remoto,Carla Souza,Parceiros,Pendente,1,460.57,133.12
2025-04-11,PED-00744,Sudeste,RJ,Infraestrutura,Access Point,Carla Souza,Parceiros,Pago,5,1106.66,641.05
2025-04-13,PED-00375,Centro-Oeste,GO,Serviços,Suporte Remoto,Fernanda Costa,Venda direta,Parcelado,1,488.07,127.79
2025-04-13,PED-01235,Centro-Oeste,GO,Infraestrutura,Firewall Appliance,Bruno Silva,Parceiros,Pago,5,4919.11,3841.32
2025-04-14,PED-00292,Norte,PA,Computadores,Mini PC,Fernanda Costa,Online,Pendente,2,3071.99,2175.45
2025-04-14,PED-00825,Sul,RS,Infraestrutura,Firewall Appliance,Bruno Silva,Venda direta,Pago,5,5074.11,3604.37
2025-04-14,PED-00974,Sudeste,RJ,Periféricos,Mouse Sem Fio,Gustavo Rocha,Venda direta,Pago,4,190.62,104.92
2025-04-15,PED-01323,Sudeste,RJ,Serviços,Suporte Remoto,Diego Santos,Venda direta,Pendente,2,464.89,127.48
2025-04-16,PED-01229,Sudeste,RJ,Infraestrutura,Switch Gerenciável,Ana Lima,Venda direta,Pendente,5,1948.83,1230.7
2025-04-17,PED-01196,Sudeste,SP,Infraestrutura,Access Point,Ana Lima,Online,Pendente,2,1049.6,691.73
2025-04-18,PED-00080,Sudeste,RJ,Infraestrutura,Firewall Appliance,Bruno Silva,Parceiros,Parcelado,4,5257.8,3836.96
2025-04-18,PED-00298,Sul,PR,Computadores,Notebook Pro,Bruno Silva,Loja física,Pendente,1,5855.02,4358.75
2025-04-18,PED-00689,Sul,RS,Periféricos,Monitor 27,Bruno Silva,Online,Pago,4,1586.69,1059.34
2025-04-18,PED-00812,Sudeste,SP,Infraestrutura,Firewall Appliance,Carla Souza,Venda direta,Parcelado,4,5058.21,3864.71
2025-04-18,PED-01316,Sul,RS,Computadores,Desktop Business,Ana Lima,Loja física,Pago,4,4407.02,3364.34
2025-04-19,PED-01150,Sul,PR,Periféricos,Mouse Sem Fio,Ana Lima,Loja física,Pago,1,185.35,102.61
2025-04-20,PED-00570,Sudeste,MG,Serviços,Consultoria TI,Diego Santos,Parceiros,Pago,1,1905.7,545.53
2025-04-21,PED-00500,Centro-Oeste,DF,Computadores,Desktop Business,Carla Souza,Online,Pago,3,4734.23,3555.01
2025-04-21,PED-00530,Centro-Oeste,DF,Periféricos,Mouse Sem Fio,Fernanda Costa,Loja física,Pago,4,191.49,100.26
2025-04-21,PED-00997,Sudeste,MG,Periféricos,Mouse Sem Fio,Fernanda Costa,Loja física,Pago,1,190.73,102.7
2025-04-22,PED-00387,Centro-Oeste,GO,Computadores,Notebook Pro,Gustavo Rocha,Parceiros,Pendente,3,5673.82,4280.58
2025-04-22,PED-00649,Sul,PR,Serviços,Implantação de Rede,Carla Souza,Venda direta,Pago,2,3038.52,1129.98
2025-04-23,PED-00540,Nordeste,BA,Infraestrutura,Access Point,Bruno Silva,Parceiros,Pago,5,1092.93,672.48
2025-04-24,PED-00479,Nordeste,BA,Infraestrutura,Firewall Appliance,Ana Lima,Parceiros,Parcelado,4,5398.65,3848.46
2025-04-24,PED-00710,Sudeste,ES,Infraestrutura,Access Point,Bruno Silva,Venda direta,Pago,2,1082.08,652.35
2025-04-25,PED-00411,Nordeste,BA,Computadores,Mini PC,Gustavo Rocha,Parceiros,Pago,3,2848.85,2288.36
2025-04-26,PED-01363,Nordeste,CE,Computadores,Desktop Business,Diego Santos,Venda direta,Parcelado,2,4708.96,3299.71
2025-04-28,PED-01164,Centro-Oeste,MS,Periféricos,Monitor 27,Bruno Silva,Venda direta,Pago,4,1480.77,1074.64
2025-04-29,PED-01159,Nordeste,CE,Infraestrutura,Firewall Appliance,Ana Lima,Loja física,Parcelado,3,5155.47,3716.46
2025-04-30,PED-00337,Nordeste,PE,Computadores,Notebook Pro,Gustavo Rocha,Parceiros,Pendente,3,5682.71,4343.94
2025-04-30,PED-01220,Centro-Oeste,MS,Infraestrutura,Access Point,Carla Souza,Parceiros,Pago,3,1051.03,685.41
2025-05-01,PED-00044,Centro-Oeste,DF,Serviços,Implantação de Rede,Diego Santos,Loja física,Pago,1,3111.72,1168.41
2025-05-01,PED-00229,Sudeste,SP,Infraestrutura,Firewall Appliance,Carla Souza,Online,Pago,5,5291.14,3648.82
2025-05-01,PED-00680,Centro-Oeste,MT,Computadores,Mini PC,Ana Lima,Loja física,Pago,5,2825.55,2247.53
2025-05-02,PED-00110,Sudeste,MG,Computadores,Desktop Business,Gustavo Rocha,Parceiros,Pendente,5,4459.3,3470.09
2025-05-02,PED-00654,Centro-Oeste,MS,Serviços,Consultoria TI,Ana Lima,Parceiros,Pendente,2,1846.72,534.49
2025-05-02,PED-01248,Sudeste,ES,Serviços,Suporte Remoto,Carla Souza,Loja física,Pago,1,472.72,128.45
2025-05-04,PED-00841,Sul,SC,Computadores,Mini PC,Gustavo Rocha,Loja física,Pago,2,2920.38,2191.57
2025-05-05,PED-00909,Sul,SC,Computadores,Desktop Business,Carla Souza,Venda direta,Pago,1,4489.96,3367.19
2025-05-06,PED-00380,Sudeste,ES,Infraestrutura,Switch Gerenciável,Bruno Silva,Online,Pago,1,1893.64,1233.25
2025-05-07,PED-00635,Sudeste,MG,Serviços,Consultoria TI,Ana Lima,Parceiros,Pago,1,1907.5,547.87
2025-05-07,PED-00717,Centro-Oeste,GO,Serviços,Consultoria TI,Bruno Silva,Venda direta,Pendente,1,1830.23,549.63
2025-05-07,PED-00786,Centro-Oeste,MT,Serviços,Suporte Remoto,Carla Souza,Online,Pago,2,464.16,134.45
2025-05-07,PED-01263,Nordeste,PE,Serviços,Suporte Remoto,Carla Souza,Online,Pago,2,478.07,125.26
2025-05-08,PED-00991,Sul,PR,Infraestrutura,Firewall Appliance,Diego Santos,Venda direta,Parcelado,5,5286.7,3745.6
2025-05-09,PED-00364,Nordeste,RN,Periféricos,Mouse Sem Fio,Gustavo Rocha,Loja física,Pendente,4,201.68,102.98
2025-05-09,PED-01215,Sudeste,MG,Infraestrutura,Firewall Appliance,Fernanda Costa,Parceiros,Pendente,2,5063.65,3816.52
2025-05-10,PED-00186,Sul,PR,Infraestrutura,Firewall Appliance,Carla Souza,Parceiros,Pago,3,4980.2,3915.79
2025-05-11,PED-00048,Centro-Oeste,MT,Serviços,Suporte Remoto,Fernanda Costa,Online,Pago,2,467.54,126.91
2025-05-11,PED-00818,Sudeste,SP,Periféricos,Mouse Sem Fio,Bruno Silva,Loja física,Pago,4,184.48,104.89
2025-05-13,PED-01029,Sudeste,MG,Computadores,Desktop Business,Ana Lima,Online,Pendente,1,4456.58,3534.8
2025-05-14,PED-00365,Sul,SC,Serviços,Suporte Remoto,Gustavo Rocha,Loja física,Pago,1,469.37,126.66
2025-05-17,PED-00308,Sul,PR,Periféricos,Mouse Sem Fio,Carla Souza,Loja física,Pago,2,181.24,101.77
2025-05-17,PED-00987,Nordeste,RN,Computadores,Desktop Business,Carla Souza,Venda direta,Pago,1,4452.06,3410.05
2025-05-18,PED-00634,Nordeste,PE,Computadores,Notebook Pro,Fernanda Costa,Parceiros,Parcelado,3,5603.73,4362.45
2025-05-18,PED-00932,Sul,PR,Periféricos,Monitor 27,Ana Lima,Parceiros,Pago,3,1533.15,1062.77
2025-05-18,PED-01231,Sudeste,MG,Computadores,Mini PC,Ana Lima,Loja física,Parcelado,1,3047.65,2293.79
2025-05-19,PED-01374,Sudeste,SP,Serviços,Consultoria TI,Ana Lima,Loja física,Pendente,2,1993.99,538.98
2025-05-20,PED-00815,Sudeste,SP,Infraestrutura,Access Point,Diego Santos,Venda direta,Pago,1,1057.75,682.13
2025-05-20,PED-01102,Sudeste,RJ,Infraestrutura,Firewall Appliance,Gustavo Rocha,Loja física,Pago,1,5513.86,3858.84
2025-05-21,PED-00937,Sudeste,ES,Infraestrutura,Access Point,Fernanda Costa,Venda direta,Parcelado,2,1039.99,668.41
2025-05-21,PED-01091,Centro-Oeste,GO,Periféricos,Teclado Mecânico,Fernanda Costa,Venda direta,Pago,1,432.12,266.38
2025-05-22,PED-00608,Sul,RS,Computadores,Mini PC,Carla Souza,Loja física,Pago,4,3208.67,2127.97
2025-05-23,PED-00282,Norte,RO,Infraestrutura,Access Point,Carla Souza,Online,Pago,3,1002.44,682.22
2025-05-23,PED-01062,Sudeste,MG,Serviços,Implantação de Rede,Bruno Silva,Online,Pago,2,3138.17,1220.48
2025-05-24,PED-00581,Sul,RS,Computadores,Notebook Pro,Diego Santos,Online,Parcelado,4,5427.54,4261.02
2025-05-24,PED-00591,Sudeste,RJ,Computadores,Notebook Pro,Gustavo Rocha,Venda direta,Pago,4,5482.67,4311.94
2025-05-24,PED-00655,Sul,PR,Computadores,Notebook Pro,Ana Lima,Loja física,Pendente,1,5865.96,4185.33
2025-05-24,PED-00856,Nordeste,CE,Serviços,Suporte Remoto,Fernanda Costa,Loja física,Pago,2,516.02,128.6
2025-05-24,PED-00893,Sudeste,SP,Serviços,Suporte Remoto,Gustavo Rocha,Venda direta,Parcelado,1,513.05,131.64
2025-05-24,PED-01299,Sul,PR,Infraestrutura,Switch Gerenciável,Ana Lima,Online,Pago,5,1974.5,1320.77
2025-05-24,PED-01303,Norte,AM,Computadores,Mini PC,Fernanda Costa,Loja física,Pago,1,2889.72,2119.4
2025-05-25,PED-00999,Sul,SC,Serviços,Suporte Remoto,Fernanda Costa,Venda direta,Pago,1,482.23,129.97
2025-05-25,PED-01208,Sudeste,SP,Periféricos,Mouse Sem Fio,Gustavo Rocha,Online,Pago,2,190.49,97.7
2025-05-26,PED-00284,Nordeste,PE,Infraestrutura,Access Point,Gustavo Rocha,Online,Pago,3,1097.16,688.97
2025-05-26,PED-01050,Norte,AM,Infraestrutura,Access Point,Gustavo Rocha,Venda direta,Pendente,2,999.29,688.16
2025-05-27,PED-00769,Sudeste,RJ,Periféricos,Monitor 27,Carla Souza,Loja física,Parcelado,5,1483.49,1010.9
2025-05-27,PED-00904,Sul,RS,Periféricos,Monitor 27,Ana Lima,Venda direta,Pendente,3,1548.84,1061.02
2025-05-27,PED-00951,Sul,SC,Infraestrutura,Access Point,Fernanda Costa,Online,Parcelado,1,1032.39,689.1
2025-05-28,PED-00184,Nordeste,RN,Computadores,Mini PC,Gustavo Rocha,Venda direta,Parcelado,2,3028.13,2212.34
2025-05-31,PED-00748,Centro-Oeste,MS,Serviços,Suporte Remoto,Fernanda Costa,Venda direta,Pendente,2,457.77,130.24
2025-06-03,PED-00139,Nordeste,BA,Infraestrutura,Firewall Appliance,Bruno Silva,Loja física,Pendente,2,5257.28,3647.19
2025-06-03,PED-00624,Sudeste,MG,Serviços,Implantação de Rede,Diego Santos,Parceiros,Pago,1,3151.61,1207.09
2025-06-03,PED-01209,Sul,RS,Computadores,Notebook Pro,Carla Souza,Loja física,Pago,4,5671.6,4099.21
2025-06-03,PED-01347,Sul,PR,Periféricos,Teclado Mecânico,Bruno Silva,Online,Pago,2,477.69,270.65
2025-06-04,PED-00025,Sul,PR,Computadores,Mini PC,Ana Lima,Loja física,Parcelado,1,3099.45,2152.19
2025-06-05,PED-00083,Centro-Oeste,MS,Serviços,Implantação de Rede,Bruno Silva,Loja física,Pago,1,3007.83,1145.24
2025-06-06,PED-01377,Nordeste,RN,Computadores,Mini PC,Fernanda Costa,Online,Pago,4,3046.95,2113.68
2025-06-07,PED-00258,Sul,PR,Infraestrutura,Firewall Appliance,Gustavo Rocha,Venda direta,Parcelado,3,5217.59,3850.27
2025-06-07,PED-00383,Nordeste,CE,Computadores,Desktop Business,Gustavo Rocha,Parceiros,Parcelado,4,4593.27,3529.9
2025-06-07,PED-00486,Sudeste,RJ,Computadores,Notebook Pro,Carla Souza,Loja física,Pago,4,5507.2,4058.06
2025-06-07,PED-00828,Centro-Oeste,GO,Computadores,Notebook Pro,Carla Souza,Loja física,Pendente,1,5710.27,4342.88
2025-06-07,PED-01194,Nordeste,PE,Serviços,Implantação de Rede,Bruno Silva,Parceiros,Pago,1,2889.73,1229.19
2025-06-11,PED-01173,Nordeste,RN,Serviços,Suporte Remoto,Diego Santos,Venda direta,Pago,2,471.6,124.67
2025-06-12,PED-01039,Sul,RS,Serviços,Suporte Remoto,Bruno Silva,Parceiros,Pago,1,512.95,130.66
2025-06-13,PED-00562,Sul,RS,Computadores,Notebook Pro,Gustavo Rocha,Online,Parcelado,4,5721.42,4255.36
2025-06-13,PED-00772,Nordeste,PE,Computadores,Desktop Business,Diego Santos,Loja física,Pago,4,4667.89,3384.49
2025-06-13,PED-01327,Sudeste,ES,Computadores,Mini PC,Carla Souza,Loja física,Pendente,2,2978.13,2237.43
2025-06-14,PED-00639,Sudeste,ES,Serviços,Implantação de Rede,Bruno Silva,Loja física,Parcelado,1,2859.2,1146.29
2025-06-15,PED-00366,Sudeste,SP,Serviços,Consultoria TI,Gustavo Rocha,Venda direta,Pago,1,1940.39,545.56
2025-06-15,PED-00794,Sudeste,MG,Infraestrutura,Firewall Appliance,Carla Souza,Venda direta,Parcelado,4,5342.42,3761.97
2025-06-15,PED-01115,Sul,RS,Periféricos,Monitor 27,Carla Souza,Loja física,Pago,5,1544.32,1074.4
2025-06-18,PED-00751,Sul,SC,Computadores,Notebook Pro,Bruno Silva,Loja física,Parcelado,5,5370.17,4013.21
2025-06-18,PED-00989,Centro-Oeste,DF,Periféricos,Mouse Sem Fio,Bruno Silva,Loja física,Pago,1,195.5,102.32
2025-06-18,PED-01007,Sudeste,ES,Serviços,Implantação de Rede,Ana Lima,Parceiros,Pago,2,3140.32,1181.05
2025-06-19,PED-00745,Sul,SC,Infraestrutura,Switch Gerenciável,Bruno Silva,Loja física,Parcelado,3,1837.22,1235.87
2025-06-19,PED-00880,Nordeste,CE,Periféricos,Mouse Sem Fio,Ana Lima,Loja física,Pago,1,198.91,97.99
2025-06-19,PED-01373,Sul,RS,Periféricos,Monitor 27,Diego Santos,Parceiros,Pago,3,1669.61,1038.57
2025-06-20,PED-00476,Centro-Oeste,GO,Infraestrutura,Switch Gerenciável,Fernanda Costa,Online,Pago,4,1928.16,1245.41
2025-06-20,PED-01131,Centro-Oeste,MS,Computadores,Desktop Business,Ana Lima,Parceiros,Pago,4,4440.39,3432.03
2025-06-20,PED-01305,Nordeste,CE,Computadores,Notebook Pro,Bruno Silva,Parceiros,Pago,1,5586.33,4075.83
2025-06-21,PED-00537,Sudeste,SP,Infraestrutura,Access Point,Ana Lima,Venda direta,Parcelado,2,1119.77,663.36
2025-06-22,PED-00165,Sudeste,ES,Computadores,Notebook Pro,Gustavo Rocha,Parceiros,Pago,3,5730.52,4175.08
2025-06-22,PED-00478,Centro-Oeste,MT,Computadores,Desktop Business,Bruno Silva,Venda direta,Pago,2,4715.26,3308.88
2025-06-22,PED-01142,Sul,RS,Infraestrutura,Switch Gerenciável,Fernanda Costa,Online,Parcelado,1,1998.98,1338.47
2025-06-23,PED-00226,Sudeste,MG,Infraestrutura,Switch Gerenciável,Fernanda Costa,Loja física,Pago,1,1857.95,1279.56
2025-06-23,PED-01069,Nordeste,CE,Computadores,Notebook Pro,Fernanda Costa,Venda direta,Pago,3,5931.56,4271.05
2025-06-24,PED-00142,Sudeste,RJ,Periféricos,Mouse Sem Fio,Diego Santos,Parceiros,Parcelado,2,204.58,98.06
2025-06-27,PED-00113,Sudeste,ES,Computadores,Mini PC,Fernanda Costa,Loja física,Pendente,1,3173.94,2234.26
2025-06-27,PED-00571,Nordeste,BA,Infraestrutura,Switch Gerenciável,Gustavo Rocha,Online,Pago,4,1938.02,1343.78
2025-06-28,PED-00502,Sul,PR,Serviços,Consultoria TI,Carla Souza,Parceiros,Pendente,1,1821.16,558.01
2025-06-28,PED-00572,Centro-Oeste,MS,Infraestrutura,Switch Gerenciável,Gustavo Rocha,Venda direta,Pendente,3,1830.17,1244.0
2025-06-29,PED-00125,Centro-Oeste,MT,Computadores,Desktop Business,Ana Lima,Parceiros,Parcelado,1,4605.93,3428.72
2025-06-30,PED-00393,Sul,PR,Periféricos,Mouse Sem Fio,Ana Lima,Loja física,Parcelado,2,204.37,101.46
2025-06-30,PED-00920,Sul,PR,Periféricos,Teclado Mecânico,Gustavo Rocha,Loja física,Pago,2,439.45,275.83
2025-07-01,PED-00921,Sul,RS,Infraestrutura,Firewall Appliance,Gustavo Rocha,Parceiros,Pago,5,5537.23,3711.52
2025-07-01,PED-01058,Sudeste,MG,Serviços,Consultoria TI,Fernanda Costa,Venda direta,Pago,1,1961.31,557.58
2025-07-02,PED-01190,Sudeste,RJ,Serviços,Implantação de Rede,Bruno Silva,Loja física,Pendente,2,2941.81,1230.15
2025-07-03,PED-00202,Sul,SC,Serviços,Suporte Remoto,Fernanda Costa,Venda direta,Pago,1,501.87,129.15
2025-07-03,PED-00938,Nordeste,RN,Computadores,Mini PC,Gustavo Rocha,Loja física,Pago,4,3042.94,2263.29
2025-07-03,PED-01312,Sudeste,MG,Computadores,Notebook Pro,Ana Lima,Venda direta,Pago,4,5882.12,4346.2
2025-07-04,PED-00028,Sul,SC,Periféricos,Teclado Mecânico,Bruno Silva,Venda direta,Parcelado,1,478.65,266.19
2025-07-04,PED-00515,Sudeste,SP,Serviços,Consultoria TI,Carla Souza,Parceiros,Pendente,1,1865.11,535.76
2025-07-05,PED-00765,Sul,RS,Serviços,Consultoria TI,Fernanda Costa,Parceiros,Pendente,1,1909.18,553.77
2025-07-06,PED-00016,Nordeste,PE,Infraestrutura,Switch Gerenciável,Ana Lima,Loja física,Pago,3,1878.5,1294.87
2025-07-06,PED-00421,Nordeste,RN,Serviços,Implantação de Rede,Diego Santos,Venda direta,Pago,1,3114.67,1177.56
2025-07-06,PED-01114,Sul,RS,Computadores,Desktop Business,Carla Souza,Online,Pago,1,4836.67,3396.08
2025-07-07,PED-00737,Sudeste,SP,Infraestrutura,Firewall Appliance,Ana Lima,Parceiros,Pago,3,5382.23,3655.96
2025-07-07,PED-01057,Sudeste,RJ,Infraestrutura,Switch Gerenciável,Bruno Silva,Parceiros,Pago,4,1948.15,1242.81
2025-07-09,PED-00506,Sul,RS,Periféricos,Mouse Sem Fio,Bruno Silva,Parceiros,Parcelado,5,199.86,99.62
2025-07-10,PED-01068,Sul,RS,Infraestrutura,Access Point,Fernanda Costa,Parceiros,Pago,4,1092.41,694.37
2025-07-13,PED-00385,Centro-Oeste,GO,Periféricos,Teclado Mecânico,Bruno Silva,Loja física,Parcelado,4,434.41,273.75
2025-07-14,PED-00400,Norte,AM,Periféricos,Mouse Sem Fio,Fernanda Costa,Loja física,Pago,3,187.1,106.07
2025-07-14,PED-00956,Nordeste,BA,Serviços,Suporte Remoto,Bruno Silva,Online,Pago,2,474.64,134.31
2025-07-17,PED-00191,Norte,PA,Serviços,Consultoria TI,Carla Souza,Parceiros,Pago,2,1942.8,524.18
2025-07-17,PED-00882,Sudeste,ES,Periféricos,Teclado Mecânico,Diego Santos,Loja física,Parcelado,4,428.47,263.41
2025-07-18,PED-00082,Sul,SC,Computadores,Notebook Pro,Bruno Silva,Venda direta,Pago,1,5600.06,4057.77
2025-07-18,PED-00977,Sudeste,RJ,Serviços,Suporte Remoto,Diego Santos,Venda direta,Pago,2,518.8,134.08
2025-07-19,PED-00681,Sudeste,MG,Computadores,Mini PC,Diego Santos,Parceiros,Pago,2,3181.91,2186.53
2025-07-20,PED-00068,Sudeste,RJ,Serviços,Suporte Remoto,Diego Santos,Parceiros,Pago,1,492.23,128.93
2025-07-20,PED-00275,Centro-Oeste,MT,Computadores,Mini PC,Bruno Silva,Venda direta,Pago,3,2907.84,2229.74
2025-07-20,PED-00286,Nordeste,RN,Periféricos,Teclado Mecânico,Carla Souza,Online,Parcelado,2,449.46,274.65
2025-07-20,PED-01075,Sudeste,MG,Serviços,Implantação de Rede,Gustavo Rocha,Loja física,Pago,2,2889.81,1172.5
2025-07-21,PED-00437,Norte,AM,Infraestrutura,Switch Gerenciável,Gustavo Rocha,Loja física,Pendente,2,1998.32,1266.1
2025-07-21,PED-00585,Sul,SC,Periféricos,Teclado Mecânico,Carla Souza,Venda direta,Pago,4,479.73,272.49
2025-07-22,PED-00445,Sudeste,ES,Periféricos,Monitor 27,Diego Santos,Venda direta,Pago,2,1564.07,1009.46
2025-07-23,PED-00116,Sul,RS,Infraestrutura,Firewall Appliance,Diego Santos,Online,Pago,1,5132.8,3896.92
2025-07-23,PED-00699,Nordeste,RN,Computadores,Notebook Pro,Diego Santos,Parceiros,Pago,2,5282.52,4082.48
2025-07-24,PED-00448,Norte,AM,Infraestrutura,Access Point,Fernanda Costa,Loja física,Parcelado,4,1005.36,689.94
2025-07-24,PED-00659,Centro-Oeste,MT,Periféricos,Teclado Mecânico,Diego Santos,Online,Parcelado,4,431.7,274.54
2025-07-25,PED-00597,Sul,PR,Computadores,Mini PC,Fernanda Costa,Loja física,Pendente,3,3184.04,2304.87
2025-07-26,PED-00493,Sul,SC,Periféricos,Mouse Sem Fio,Bruno Silva,Online,Pago,5,208.32,102.57
2025-07-26,PED-00696,Sul,PR,Infraestrutura,Access Point,Diego Santos,Loja física,Pago,5,1060.01,658.34
2025-07-27,PED-00542,Sudeste,RJ,Infraestrutura,Firewall Appliance,Carla Souza,Loja física,Pago,3,5032.13,3920.45
2025-07-27,PED-01141,Nordeste,PE,Serviços,Implantação de Rede,Bruno Silva,Venda direta,Pago,1,3213.65,1237.68
2025-07-28,PED-00998,Sudeste,SP,Serviços,Consultoria TI,Bruno Silva,Online,Pendente,2,1899.67,530.0
2025-07-28,PED-01271,Centro-Oeste,MS,Serviços,Suporte Remoto,Ana Lima,Online,Pago,1,493.33,132.68
2025-07-31,PED-01045,Sudeste,MG,Computadores,Mini PC,Carla Souza,Loja física,Pendente,5,3008.28,2289.31
2025-07-31,PED-01135,Sul,RS,Serviços,Implantação de Rede,Fernanda Costa,Venda direta,Pago,2,3227.72,1210.28
2025-08-01,PED-00257,Sul,PR,Infraestrutura,Access Point,Diego Santos,Venda direta,Parcelado,3,1022.5,656.54
2025-08-01,PED-00950,Sul,SC,Computadores,Notebook Pro,Carla Souza,Parceiros,Pendente,3,5322.59,4137.39
2025-08-02,PED-01372,Nordeste,BA,Computadores,Mini PC,Bruno Silva,Loja física,Pago,2,3035.87,2297.31
2025-08-04,PED-00964,Sul,RS,Serviços,Suporte Remoto,Bruno Silva,Online,Pago,2,507.73,135.08
2025-08-05,PED-00711,Sul,PR,Computadores,Mini PC,Diego Santos,Parceiros,Pago,1,3041.76,2195.47
2025-08-06,PED-00554,Nordeste,CE,Serviços,Consultoria TI,Fernanda Costa,Venda direta,Pago,2,2085.23,543.68
2025-08-06,PED-00719,Nordeste,RN,Computadores,Desktop Business,Diego Santos,Venda direta,Pendente,1,4407.48,3561.51
2025-08-07,PED-00325,Nordeste,PE,Computadores,Desktop Business,Bruno Silva,Loja física,Pago,2,4954.72,3351.03
2025-08-08,PED-00492,Centro-Oeste,MS,Infraestrutura,Access Point,Bruno Silva,Loja física,Pendente,4,1063.31,685.62
2025-08-08,PED-00875,Sul,SC,Computadores,Mini PC,Ana Lima,Venda direta,Parcelado,5,2904.61,2274.7
2025-08-09,PED-00861,Sudeste,MG,Serviços,Consultoria TI,Bruno Silva,Venda direta,Pendente,1,1901.33,544.04
2025-08-11,PED-01234,Sudeste,ES,Computadores,Notebook Pro,Bruno Silva,Parceiros,Parcelado,2,5501.78,4077.79
2025-08-11,PED-01328,Nordeste,PE,Periféricos,Teclado Mecânico,Bruno Silva,Venda direta,Pago,3,453.61,278.74
2025-08-12,PED-00306,Nordeste,RN,Infraestrutura,Access Point,Gustavo Rocha,Parceiros,Parcelado,2,1024.23,658.3
2025-08-12,PED-00449,Centro-Oeste,GO,Infraestrutura,Switch Gerenciável,Gustavo Rocha,Venda direta,Pago,3,1943.87,1293.79
2025-08-12,PED-00892,Sul,RS,Infraestrutura,Firewall Appliance,Diego Santos,Loja física,Pendente,4,5429.29,3612.26
2025-08-13,PED-00077,Sul,PR,Serviços,Consultoria TI,Fernanda Costa,Venda direta,Pendente,2,2065.14,524.29
2025-08-13,PED-00957,Sudeste,SP,Computadores,Notebook Pro,Carla Souza,Venda direta,Pago,4,5451.39,4199.46
2025-08-13,PED-01000,Sul,PR,Computadores,Desktop Business,Ana Lima,Online,Pago,3,4425.84,3598.39
2025-08-14,PED-00251,Sul,RS,Periféricos,Teclado Mecânico,Gustavo Rocha,Venda direta,Parcelado,3,436.46,260.51
2025-08-14,PED-00936,Sudeste,MG,Periféricos,Monitor 27,Diego Santos,Parceiros,Pago,3,1680.74,1027.65
2025-08-14,PED-01025,Centro-Oeste,MS,Infraestrutura,Access Point,Gustavo Rocha,Online,Pago,1,1017.93,696.47
2025-08-15,PED-00412,Sudeste,RJ,Serviços,Consultoria TI,Ana Lima,Parceiros,Pendente,2,1916.07,547.1
2025-08-15,PED-00619,Sudeste,MG,Serviços,Consultoria TI,Carla Souza,Loja física,Pago,2,1941.17,542.94
2025-08-16,PED-00601,Sudeste,RJ,Infraestrutura,Access Point,Gustavo Rocha,Venda direta,Pago,1,1037.43,645.12
2025-08-18,PED-00265,Sul,RS,Computadores,Mini PC,Ana Lima,Venda direta,Pago,4,3094.04,2251.8
2025-08-18,PED-00636,Sul,SC,Serviços,Consultoria TI,Carla Souza,Venda direta,Pago,1,1913.93,518.08
2025-08-20,PED-00782,Nordeste,PE,Periféricos,Teclado Mecânico,Ana Lima,Loja física,Pago,3,462.12,264.79
2025-08-20,PED-01006,Sudeste,RJ,Infraestrutura,Access Point,Diego Santos,Venda direta,Pago,5,1120.19,697.13
2025-08-21,PED-00793,Nordeste,PE,Computadores,Desktop Business,Gustavo Rocha,Parceiros,Pendente,5,4383.05,3456.65
2025-08-22,PED-00849,Sul,SC,Computadores,Notebook Pro,Gustavo Rocha,Online,Pago,1,5457.75,4381.15
2025-08-23,PED-00280,Centro-Oeste,DF,Infraestrutura,Firewall Appliance,Ana Lima,Loja física,Pago,4,5372.72,3895.01
2025-08-23,PED-00758,Centro-Oeste,GO,Periféricos,Teclado Mecânico,Gustavo Rocha,Loja física,Pago,5,449.7,259.79
2025-08-23,PED-00874,Sudeste,ES,Infraestrutura,Firewall Appliance,Diego Santos,Venda direta,Pago,1,5419.19,3669.91
2025-08-23,PED-01334,Centro-Oeste,MT,Serviços,Consultoria TI,Diego Santos,Parceiros,Pago,1,1938.28,516.48
2025-08-23,PED-01370,Sul,PR,Computadores,Notebook Pro,Carla Souza,Venda direta,Parcelado,3,5681.76,4160.09
2025-08-24,PED-00230,Sul,RS,Serviços,Suporte Remoto,Diego Santos,Parceiros,Pendente,2,465.29,126.51
2025-08-24,PED-00805,Sul,PR,Periféricos,Monitor 27,Fernanda Costa,Venda direta,Pendente,3,1587.74,1086.12
2025-08-26,PED-00422,Nordeste,BA,Serviços,Suporte Remoto,Ana Lima,Parceiros,Parcelado,2,486.59,126.42
2025-08-26,PED-01213,Sul,SC,Infraestrutura,Firewall Appliance,Ana Lima,Venda direta,Pago,1,5265.73,3899.97
2025-08-26,PED-01214,Nordeste,RN,Computadores,Desktop Business,Bruno Silva,Parceiros,Parcelado,4,4729.91,3451.7
2025-08-28,PED-00131,Sul,RS,Computadores,Desktop Business,Carla Souza,Online,Pago,4,4633.29,3316.92
2025-08-31,PED-00026,Sul,PR,Serviços,Consultoria TI,Gustavo Rocha,Parceiros,Pago,2,2070.18,525.39
2025-08-31,PED-01038,Sul,SC,Serviços,Consultoria TI,Fernanda Costa,Online,Pago,2,2051.13,521.39
2025-09-02,PED-00038,Sudeste,MG,Serviços,Consultoria TI,Carla Souza,Online,Pendente,1,1925.04,544.4
2025-09-02,PED-00352,Sudeste,ES,Periféricos,Teclado Mecânico,Diego Santos,Online,Pago,4,447.53,262.8
2025-09-02,PED-00419,Sudeste,RJ,Serviços,Implantação de Rede,Fernanda Costa,Venda direta,Pago,1,2877.83,1157.81
2025-09-03,PED-00182,Sudeste,RJ,Computadores,Mini PC,Fernanda Costa,Venda direta,Pago,4,2903.95,2242.44
2025-09-04,PED-00211,Nordeste,CE,Periféricos,Teclado Mecânico,Diego Santos,Parceiros,Pago,2,487.17,270.86
2025-09-05,PED-01308,Sul,RS,Infraestrutura,Switch Gerenciável,Carla Souza,Loja física,Pago,5,1957.24,1344.38
2025-09-06,PED-00117,Sudeste,SP,Periféricos,Monitor 27,Fernanda Costa,Parceiros,Pago,4,1515.57,1022.57
2025-09-06,PED-00428,Sudeste,SP,Infraestrutura,Access Point,Diego Santos,Venda direta,Parcelado,3,1003.03,642.7
2025-09-08,PED-00179,Sudeste,SP,Computadores,Notebook Pro,Fernanda Costa,Venda direta,Pago,2,5818.46,4332.18
2025-09-08,PED-00378,Centro-Oeste,MT,Infraestrutura,Firewall Appliance,Fernanda Costa,Parceiros,Pago,5,5312.32,3683.45
2025-09-11,PED-00133,Sudeste,RJ,Computadores,Desktop Business,Gustavo Rocha,Online,Parcelado,1,4874.5,3564.97
2025-09-11,PED-00332,Centro-Oeste,GO,Serviços,Suporte Remoto,Carla Souza,Online,Parcelado,2,505.38,132.78
2025-09-11,PED-00656,Centro-Oeste,GO,Infraestrutura,Firewall Appliance,Fernanda Costa,Venda direta,Pendente,5,4924.57,3641.29
2025-09-11,PED-00947,Nordeste,RN,Serviços,Implantação de Rede,Carla Souza,Venda direta,Pago,2,3180.96,1153.81
2025-09-11,PED-01366,Nordeste,PE,Periféricos,Mouse Sem Fio,Gustavo Rocha,Loja física,Parcelado,5,185.32,104.88
2025-09-12,PED-00180,Nordeste,PE,Infraestrutura,Firewall Appliance,Gustavo Rocha,Parceiros,Parcelado,3,4972.41,3951.12
2025-09-12,PED-00420,Sul,SC,Computadores,Mini PC,Gustavo Rocha,Loja física,Parcelado,5,3149.38,2136.07
2025-09-12,PED-00695,Norte,RO,Computadores,Notebook Pro,Diego Santos,Parceiros,Pago,3,5654.71,4172.42
2025-09-13,PED-00042,Centro-Oeste,MS,Serviços,Implantação de Rede,Gustavo Rocha,Loja física,Pago,1,3047.64,1220.81
2025-09-13,PED-00819,Sul,SC,Computadores,Mini PC,Ana Lima,Parceiros,Pago,4,2903.08,2250.85
2025-09-13,PED-00911,Sul,PR,Infraestrutura,Switch Gerenciável,Gustavo Rocha,Online,Parcelado,3,1858.14,1252.51
2025-09-14,PED-00832,Nordeste,CE,Periféricos,Teclado Mecânico,Bruno Silva,Online,Pago,1,428.89,270.14
2025-09-14,PED-01204,Sudeste,ES,Infraestrutura,Firewall Appliance,Carla Souza,Loja física,Parcelado,2,4875.16,3687.1
2025-09-15,PED-00007,Centro-Oeste,GO,Periféricos,Teclado Mecânico,Gustavo Rocha,Loja física,Pago,4,441.88,280.64
2025-09-15,PED-00764,Sudeste,SP,Periféricos,Teclado Mecânico,Diego Santos,Online,Pago,5,481.45,275.27
2025-09-17,PED-00596,Centro-Oeste,GO,Serviços,Consultoria TI,Carla Souza,Venda direta,Pago,1,1990.66,554.37
2025-09-17,PED-01329,Norte,RO,Computadores,Mini PC,Ana Lima,Online,Pago,1,3163.97,2134.59
2025-09-18,PED-00514,Norte,RO,Computadores,Mini PC,Ana Lima,Loja física,Parcelado,1,3022.52,2281.75
2025-09-18,PED-00519,Norte,AM,Serviços,Suporte Remoto,Gustavo Rocha,Loja física,Pago,1,516.99,130.53
2025-09-19,PED-00047,Nordeste,RN,Serviços,Suporte Remoto,Gustavo Rocha,Parceiros,Parcelado,2,485.66,132.69
2025-09-20,PED-00302,Centro-Oeste,GO,Infraestrutura,Switch Gerenciável,Ana Lima,Parceiros,Pendente,4,2002.74,1295.22
2025-09-20,PED-00318,Nordeste,BA,Serviços,Consultoria TI,Ana Lima,Online,Pago,1,1985.27,537.5
2025-09-20,PED-00640,Centro-Oeste,DF,Serviços,Implantação de Rede,Ana Lima,Venda direta,Pago,1,2881.2,1150.24
2025-09-21,PED-00132,Sudeste,ES,Serviços,Consultoria TI,Gustavo Rocha,Loja física,Pago,1,1942.54,555.69
2025-09-21,PED-00253,Sudeste,RJ,Infraestrutura,Access Point,Gustavo Rocha,Loja física,Parcelado,2,1036.29,651.43
2025-09-21,PED-00529,Sudeste,ES,Serviços,Suporte Remoto,Ana Lima,Online,Pago,1,503.18,135.33
2025-09-21,PED-00666,Sudeste,ES,Periféricos,Teclado Mecânico,Carla Souza,Parceiros,Pago,1,477.97,271.21
2025-09-21,PED-01036,Nordeste,PE,Infraestrutura,Access Point,Carla Souza,Online,Pendente,5,1071.41,674.39
2025-09-23,PED-00908,Sul,PR,Serviços,Implantação de Rede,Bruno Silva,Parceiros,Pendente,2,3127.35,1240.66
2025-09-24,PED-00897,Nordeste,BA,Infraestrutura,Access Point,Ana Lima,Online,Pago,5,1059.17,658.35
2025-09-24,PED-00983,Centro-Oeste,DF,Serviços,Suporte Remoto,Carla Souza,Loja física,Pago,1,521.81,131.33
2025-09-27,PED-00440,Sudeste,MG,Serviços,Suporte Remoto,Bruno Silva,Online,Parcelado,2,482.12,132.67
2025-09-27,PED-00612,Nordeste,BA,Infraestrutura,Access Point,Ana Lima,Parceiros,Pago,1,1047.75,668.38
2025-09-28,PED-00797,Sudeste,ES,Serviços,Implantação de Rede,Carla Souza,Venda direta,Pago,2,2987.05,1189.26
2025-09-28,PED-01246,Sudeste,SP,Infraestrutura,Access Point,Diego Santos,Online,Parcelado,4,996.26,692.79
2025-10-01,PED-01134,Nordeste,CE,Periféricos,Monitor 27,Carla Souza,Loja física,Pago,5,1502.67,1083.65
2025-10-02,PED-00072,Sul,RS,Computadores,Notebook Pro,Ana Lima,Venda direta,Pendente,2,5405.67,4064.43
2025-10-02,PED-00504,Sudeste,ES,Computadores,Mini PC,Diego Santos,Loja física,Pago,3,2932.62,2189.48
2025-10-02,PED-00776,Sudeste,SP,Computadores,Notebook Pro,Gustavo Rocha,Online,Pago,1,5565.44,4372.82
2025-10-02,PED-01056,Sudeste,SP,Computadores,Notebook Pro,Bruno Silva,Online,Parcelado,5,5503.31,4080.65
2025-10-04,PED-00097,Centro-Oeste,MT,Serviços,Suporte Remoto,Carla Souza,Parceiros,Pendente,2,505.73,125.23
2025-10-04,PED-00670,Centro-Oeste,GO,Serviços,Suporte Remoto,Fernanda Costa,Venda direta,Parcelado,2,474.19,131.61
2025-10-04,PED-01317,Sul,RS,Serviços,Suporte Remoto,Fernanda Costa,Parceiros,Parcelado,2,460.71,127.05
2025-10-05,PED-01034,Sudeste,RJ,Serviços,Implantação de Rede,Carla Souza,Parceiros,Pendente,1,2895.87,1185.53
2025-10-06,PED-00565,Sudeste,RJ,Computadores,Mini PC,Carla Souza,Venda direta,Pago,3,3179.12,2245.68
2025-10-06,PED-00907,Centro-Oeste,GO,Computadores,Notebook Pro,Bruno Silva,Venda direta,Pago,4,5299.37,4410.78
2025-10-07,PED-00709,Sudeste,SP,Infraestrutura,Switch Gerenciável,Diego Santos,Online,Pago,2,1944.35,1324.94
2025-10-07,PED-00750,Nordeste,CE,Computadores,Mini PC,Fernanda Costa,Online,Parcelado,5,2873.28,2311.48
2025-10-08,PED-00152,Sul,PR,Computadores,Mini PC,Bruno Silva,Online,Pago,4,2852.92,2161.6
2025-10-09,PED-00873,Centro-Oeste,MT,Computadores,Notebook Pro,Gustavo Rocha,Loja física,Pago,1,5334.12,4221.14
2025-10-09,PED-01252,Sul,PR,Periféricos,Monitor 27,Bruno Silva,Loja física,Pendente,2,1608.19,1093.61
2025-10-09,PED-01396,Nordeste,PE,Periféricos,Monitor 27,Ana Lima,Online,Parcelado,4,1487.2,1054.02
2025-10-10,PED-00243,Sudeste,MG,Periféricos,Mouse Sem Fio,Fernanda Costa,Venda direta,Parcelado,4,203.83,99.0
2025-10-10,PED-01139,Nordeste,PE,Serviços,Consultoria TI,Gustavo Rocha,Online,Parcelado,2,1957.11,555.71
2025-10-11,PED-00348,Sul,SC,Infraestrutura,Access Point,Ana Lima,Loja física,Parcelado,2,1078.29,651.16
2025-10-11,PED-01336,Sudeste,SP,Infraestrutura,Firewall Appliance,Diego Santos,Loja física,Pago,4,4875.49,3924.65
2025-10-12,PED-00891,Nordeste,CE,Serviços,Implantação de Rede,Bruno Silva,Online,Pago,1,3105.5,1146.55
2025-10-13,PED-00981,Sudeste,RJ,Serviços,Implantação de Rede,Bruno Silva,Online,Parcelado,1,3022.13,1149.0
2025-10-15,PED-00224,Centro-Oeste,MS,Serviços,Suporte Remoto,Ana Lima,Parceiros,Parcelado,1,492.14,128.97
2025-10-15,PED-00468,Sudeste,MG,Computadores,Mini PC,Diego Santos,Parceiros,Pago,2,3248.58,2168.44
2025-10-16,PED-00001,Sul,RS,Infraestrutura,Access Point,Gustavo Rocha,Online,Parcelado,2,1013.69,647.79
2025-10-16,PED-00170,Sul,RS,Infraestrutura,Firewall Appliance,Gustavo Rocha,Venda direta,Pago,3,5213.79,3895.33
2025-10-16,PED-00252,Sudeste,ES,Serviços,Consultoria TI,Fernanda Costa,Loja física,Pago,1,1918.49,558.46
2025-10-17,PED-00457,Centro-Oeste,MT,Infraestrutura,Switch Gerenciável,Carla Souza,Parceiros,Pendente,5,1833.3,1252.28
2025-10-17,PED-00531,Sul,SC,Infraestrutura,Access Point,Ana Lima,Online,Pago,3,1037.47,674.71
2025-10-17,PED-01349,Sudeste,ES,Infraestrutura,Switch Gerenciável,Gustavo Rocha,Parceiros,Pago,2,1913.43,1318.1
2025-10-17,PED-01399,Centro-Oeste,GO,Periféricos,Mouse Sem Fio,Ana Lima,Venda direta,Pago,1,206.66,107.25
2025-10-18,PED-00037,Sudeste,MG,Computadores,Notebook Pro,Carla Souza,Online,Pago,3,5409.4,4400.23
2025-10-18,PED-00194,Sudeste,ES,Periféricos,Mouse Sem Fio,Carla Souza,Loja física,Pendente,4,189.81,105.77
2025-10-18,PED-00771,Centro-Oeste,DF,Infraestrutura,Switch Gerenciável,Diego Santos,Venda direta,Pago,4,1845.69,1321.04
2025-10-19,PED-01083,Sudeste,MG,Periféricos,Monitor 27,Diego Santos,Parceiros,Pendente,3,1602.14,1048.44
2025-10-20,PED-00053,Sudeste,ES,Periféricos,Monitor 27,Carla Souza,Parceiros,Pendente,3,1552.27,1034.31
2025-10-20,PED-00111,Norte,PA,Serviços,Implantação de Rede,Diego Santos,Online,Pago,2,3127.22,1190.69
2025-10-20,PED-00580,Sul,SC,Infraestrutura,Access Point,Carla Souza,Venda direta,Pago,1,1003.84,675.99
2025-10-21,PED-00960,Sul,PR,Computadores,Notebook Pro,Diego Santos,Online,Pago,1,5497.37,4095.89
2025-10-22,PED-01001,Sul,SC,Computadores,Desktop Business,Diego Santos,Online,Parcelado,3,4535.53,3545.61
2025-10-22,PED-01395,Sudeste,RJ,Computadores,Desktop Business,Bruno Silva,Parceiros,Parcelado,5,4953.21,3616.71
2025-10-23,PED-00134,Sul,PR,Serviços,Implantação de Rede,Diego Santos,Venda direta,Pago,1,2991.07,1236.33
2025-10-23,PED-00192,Sul,PR,Periféricos,Mouse Sem Fio,Bruno Silva,Online,Pendente,1,207.21,99.93
2025-10-23,PED-00276,Sul,PR,Serviços,Implantação de Rede,Ana Lima,Online,Pago,1,2939.17,1206.47
2025-10-23,PED-00406,Centro-Oeste,MT,Periféricos,Mouse Sem Fio,Ana Lima,Online,Pago,2,189.55,106.48
2025-10-23,PED-00533,Sul,PR,Serviços,Consultoria TI,Gustavo Rocha,Online,Parcelado,2,1949.61,556.94
2025-10-23,PED-01167,Sul,SC,Periféricos,Monitor 27,Diego Santos,Loja física,Pendente,2,1535.39,1023.01
2025-10-24,PED-01198,Norte,RO,Computadores,Desktop Business,Diego Santos,Online,Pago,4,4894.45,3330.18
2025-10-25,PED-00195,Sudeste,RJ,Computadores,Mini PC,Bruno Silva,Loja física,Parcelado,3,3171.46,2234.43
2025-10-26,PED-00311,Sudeste,MG,Periféricos,Mouse Sem Fio,Gustavo Rocha,Parceiros,Pago,5,204.52,101.8
2025-10-26,PED-00363,Nordeste,PE,Computadores,Notebook Pro,Ana Lima,Venda direta,Parcelado,1,6039.58,4355.52
2025-10-26,PED-00461,Centro-Oeste,MT,Serviços,Suporte Remoto,Gustavo Rocha,Venda direta,Parcelado,1,468.38,127.56
2025-10-26,PED-00973,Norte,AM,Serviços,Implantação de Rede,Carla Souza,Online,Pago,2,3187.27,1183.82
2025-10-27,PED-00273,Sul,SC,Periféricos,Mouse Sem Fio,Diego Santos,Loja física,Pago,2,207.39,103.99
2025-10-27,PED-00549,Sul,SC,Serviços,Implantação de Rede,Bruno Silva,Venda direta,Pendente,2,2938.11,1164.38
2025-10-27,PED-00795,Sul,PR,Periféricos,Teclado Mecânico,Diego Santos,Loja física,Pago,2,450.69,266.14
2025-10-27,PED-00871,Sudeste,ES,Periféricos,Mouse Sem Fio,Diego Santos,Venda direta,Pago,4,189.05,99.41
2025-10-27,PED-00913,Sudeste,ES,Computadores,Notebook Pro,Ana Lima,Loja física,Pago,2,5763.33,4263.75
2025-10-29,PED-00022,Norte,PA,Computadores,Notebook Pro,Diego Santos,Online,Pago,2,5588.21,4218.17
2025-10-29,PED-01368,Centro-Oeste,MS,Computadores,Desktop Business,Diego Santos,Venda direta,Parcelado,4,4860.73,3619.9
2025-10-30,PED-00984,Nordeste,CE,Periféricos,Mouse Sem Fio,Diego Santos,Parceiros,Pago,2,202.13,105.75
2025-10-30,PED-01059,Sul,SC,Serviços,Implantação de Rede,Bruno Silva,Loja física,Parcelado,1,2978.67,1219.98
2025-10-31,PED-01089,Sudeste,RJ,Serviços,Implantação de Rede,Bruno Silva,Loja física,Pendente,1,3077.89,1226.6
2025-11-01,PED-00221,Norte,AM,Infraestrutura,Switch Gerenciável,Carla Souza,Loja física,Pago,4,1898.54,1329.63
2025-11-01,PED-01067,Nordeste,CE,Periféricos,Mouse Sem Fio,Ana Lima,Online,Pago,4,195.76,99.63
2025-11-02,PED-00009,Sudeste,ES,Periféricos,Teclado Mecânico,Carla Souza,Venda direta,Parcelado,2,442.05,272.84
2025-11-02,PED-00045,Centro-Oeste,DF,Serviços,Suporte Remoto,Diego Santos,Online,Parcelado,1,511.55,132.53
2025-11-02,PED-00429,Sudeste,SP,Periféricos,Mouse Sem Fio,Gustavo Rocha,Parceiros,Pago,4,194.68,100.36
2025-11-02,PED-00495,Sul,SC,Periféricos,Teclado Mecânico,Fernanda Costa,Loja física,Pendente,5,478.56,278.71
2025-11-03,PED-01249,Sudeste,SP,Serviços,Implantação de Rede,Bruno Silva,Loja física,Pago,1,2895.83,1195.52
2025-11-04,PED-00879,Sul,SC,Computadores,Mini PC,Fernanda Costa,Venda direta,Pago,3,3121.62,2214.09
2025-11-05,PED-00877,Nordeste,PE,Periféricos,Monitor 27,Ana Lima,Loja física,Parcelado,5,1570.09,1046.0
2025-11-05,PED-01156,Centro-Oeste,MS,Periféricos,Teclado Mecânico,Gustavo Rocha,Online,Pago,5,446.9,272.9
2025-11-05,PED-01393,Nordeste,PE,Infraestrutura,Firewall Appliance,Carla Souza,Venda direta,Pago,3,5168.35,3826.19
2025-11-06,PED-00404,Sudeste,RJ,Infraestrutura,Switch Gerenciável,Bruno Silva,Venda direta,Pago,4,1821.22,1280.69
2025-11-06,PED-01307,Nordeste,CE,Periféricos,Teclado Mecânico,Ana Lima,Loja física,Pago,2,449.99,279.56
2025-11-07,PED-00525,Centro-Oeste,GO,Serviços,Consultoria TI,Carla Souza,Parceiros,Pago,2,2080.87,522.93
2025-11-07,PED-00553,Sul,RS,Infraestrutura,Switch Gerenciável,Gustavo Rocha,Parceiros,Pago,5,1929.52,1266.98
2025-11-07,PED-00569,Sudeste,RJ,Periféricos,Mouse Sem Fio,Ana Lima,Online,Pago,3,184.21,100.94
2025-11-07,PED-00577,Norte,RO,Serviços,Implantação de Rede,Carla Souza,Parceiros,Pago,2,3135.62,1211.86
2025-11-07,PED-01110,Sul,RS,Serviços,Consultoria TI,Diego Santos,Venda direta,Pago,1,2037.93,541.91
2025-11-08,PED-00122,Sudeste,ES,Serviços,Implantação de Rede,Diego Santos,Online,Pago,1,3162.17,1152.65
2025-11-08,PED-00356,Sul,RS,Infraestrutura,Firewall Appliance,Ana Lima,Online,Pago,5,5381.52,3771.28
2025-11-08,PED-01289,Sudeste,MG,Infraestrutura,Access Point,Diego Santos,Loja física,Parcelado,5,1113.2,673.43
2025-11-09,PED-00079,Norte,RO,Computadores,Desktop Business,Diego Santos,Online,Parcelado,1,4569.85,3418.31
2025-11-09,PED-00293,Norte,PA,Infraestrutura,Switch Gerenciável,Gustavo Rocha,Parceiros,Pago,3,2021.63,1289.99
2025-11-10,PED-00669,Sudeste,RJ,Serviços,Implantação de Rede,Fernanda Costa,Loja física,Pago,2,3107.14,1188.94
2025-11-10,PED-00702,Sudeste,SP,Periféricos,Teclado Mecânico,Ana Lima,Parceiros,Pago,1,442.02,271.3
2025-11-10,PED-01333,Norte,AM,Computadores,Notebook Pro,Diego Santos,Loja física,Pago,2,5971.11,4222.75
2025-11-11,PED-00969,Norte,RO,Infraestrutura,Access Point,Diego Santos,Parceiros,Pago,2,1127.74,699.09
2025-11-12,PED-01358,Sul,PR,Computadores,Desktop Business,Fernanda Costa,Venda direta,Pago,4,4760.54,3361.77
2025-11-13,PED-00093,Sul,SC,Infraestrutura,Firewall Appliance,Carla Souza,Parceiros,Pendente,5,4987.61,3779.08
2025-11-14,PED-01044,Sudeste,ES,Computadores,Desktop Business,Carla Souza,Venda direta,Pago,4,4894.26,3363.85
2025-11-16,PED-00056,Sul,PR,Serviços,Consultoria TI,Fernanda Costa,Online,Pago,2,2036.08,526.55
2025-11-18,PED-00403,Centro-Oeste,DF,Infraestrutura,Firewall Appliance,Diego Santos,Parceiros,Parcelado,1,5526.23,3736.91
2025-11-19,PED-00379,Sul,RS,Periféricos,Mouse Sem Fio,Ana Lima,Parceiros,Parcelado,5,201.63,101.47
2025-11-19,PED-01219,Sul,PR,Periféricos,Teclado Mecânico,Bruno Silva,Parceiros,Parcelado,2,480.51,274.03
2025-11-20,PED-00020,Centro-Oeste,DF,Computadores,Desktop Business,Bruno Silva,Loja física,Parcelado,3,4885.87,3351.75
2025-11-20,PED-00648,Norte,PA,Infraestrutura,Switch Gerenciável,Ana Lima,Parceiros,Pago,4,1833.3,1270.7
2025-11-21,PED-01090,Sudeste,RJ,Infraestrutura,Switch Gerenciável,Diego Santos,Loja física,Parcelado,3,1859.64,1253.67
2025-11-22,PED-00660,Sudeste,ES,Serviços,Consultoria TI,Diego Santos,Venda direta,Parcelado,1,1965.26,537.42
2025-11-23,PED-00661,Sudeste,MG,Infraestrutura,Access Point,Carla Souza,Parceiros,Parcelado,1,1082.39,650.54
2025-11-24,PED-00041,Centro-Oeste,GO,Infraestrutura,Switch Gerenciável,Bruno Silva,Venda direta,Parcelado,5,1997.2,1279.6
2025-11-25,PED-00123,Centro-Oeste,MS,Infraestrutura,Access Point,Ana Lima,Loja física,Pago,2,1053.46,678.93
2025-11-26,PED-00135,Sudeste,MG,Computadores,Desktop Business,Carla Souza,Loja física,Pago,1,4728.13,3438.0
2025-11-26,PED-00651,Sudeste,SP,Serviços,Consultoria TI,Gustavo Rocha,Online,Pago,1,1935.24,543.8
2025-11-27,PED-00178,Centro-Oeste,GO,Computadores,Desktop Business,Carla Souza,Loja física,Pago,3,4882.17,3423.23
2025-11-27,PED-00767,Nordeste,CE,Periféricos,Monitor 27,Bruno Silva,Loja física,Pendente,5,1609.12,1093.07
2025-11-28,PED-01290,Sudeste,SP,Computadores,Mini PC,Ana Lima,Online,Parcelado,3,3091.26,2279.79
2025-11-29,PED-00267,Nordeste,BA,Computadores,Mini PC,Bruno Silva,Venda direta,Pendente,4,2849.45,2310.64
2025-11-29,PED-00391,Nordeste,RN,Computadores,Desktop Business,Fernanda Costa,Parceiros,Parcelado,3,4716.6,3405.73
2025-12-03,PED-00199,Sudeste,MG,Computadores,Mini PC,Bruno Silva,Venda direta,Pago,3,3003.72,2173.46
2025-12-03,PED-00343,Sudeste,ES,Infraestrutura,Firewall Appliance,Fernanda Costa,Loja física,Pago,3,5496.69,3922.03
2025-12-03,PED-00687,Sudeste,MG,Serviços,Implantação de Rede,Carla Souza,Parceiros,Pago,1,2958.39,1216.23
2025-12-05,PED-00424,Nordeste,RN,Infraestrutura,Access Point,Carla Souza,Venda direta,Parcelado,2,1059.99,679.35
2025-12-05,PED-00872,Sudeste,RJ,Serviços,Consultoria TI,Gustavo Rocha,Venda direta,Pago,1,2042.8,561.47
2025-12-06,PED-00073,Sudeste,MG,Computadores,Notebook Pro,Diego Santos,Online,Pago,3,5845.68,4317.99
2025-12-06,PED-00442,Sul,RS,Periféricos,Teclado Mecânico,Carla Souza,Loja física,Parcelado,5,433.58,268.48
2025-12-07,PED-00094,Sudeste,MG,Periféricos,Teclado Mecânico,Carla Souza,Parceiros,Pago,4,433.96,268.96
2025-12-07,PED-00187,Centro-Oeste,MT,Serviços,Implantação de Rede,Fernanda Costa,Venda direta,Pendente,2,2969.89,1204.02
2025-12-07,PED-00821,Sudeste,SP,Computadores,Notebook Pro,Carla Souza,Loja física,Pago,4,5893.07,4403.76
2025-12-08,PED-00611,Sudeste,SP,Infraestrutura,Switch Gerenciável,Fernanda Costa,Loja física,Pago,3,1964.94,1318.04
2025-12-11,PED-00595,Nordeste,RN,Periféricos,Monitor 27,Diego Santos,Loja física,Pago,2,1615.3,1067.87
2025-12-13,PED-00271,Sudeste,SP,Serviços,Consultoria TI,Ana Lima,Online,Pago,1,1961.0,530.51
2025-12-14,PED-00058,Nordeste,BA,Computadores,Desktop Business,Fernanda Costa,Parceiros,Pago,5,4652.47,3439.38
2025-12-15,PED-01049,Sudeste,MG,Serviços,Suporte Remoto,Bruno Silva,Online,Pago,1,459.7,133.21
2025-12-16,PED-00684,Sudeste,SP,Infraestrutura,Switch Gerenciável,Carla Souza,Venda direta,Pago,5,1973.2,1310.47
2025-12-16,PED-00814,Sudeste,ES,Computadores,Notebook Pro,Carla Souza,Online,Pago,2,5504.47,4289.54
2025-12-16,PED-01071,Sudeste,ES,Computadores,Notebook Pro,Fernanda Costa,Venda direta,Pago,4,5947.59,4153.66
2025-12-18,PED-00906,Sul,SC,Periféricos,Teclado Mecânico,Bruno Silva,Loja física,Parcelado,1,471.78,271.91
2025-12-18,PED-01279,Centro-Oeste,MT,Periféricos,Teclado Mecânico,Ana Lima,Venda direta,Pago,5,471.43,264.52
2025-12-19,PED-00279,Sudeste,RJ,Infraestrutura,Access Point,Bruno Silva,Parceiros,Pendente,3,1008.47,699.61
2025-12-19,PED-00942,Sul,RS,Computadores,Desktop Business,Carla Souza,Loja física,Pago,5,4940.44,3333.31
2025-12-19,PED-00975,Centro-Oeste,DF,Computadores,Notebook Pro,Diego Santos,Online,Pendente,1,5800.52,4285.05
2025-12-19,PED-01064,Sudeste,RJ,Computadores,Desktop Business,Carla Souza,Parceiros,Pago,1,4957.81,3630.08
2025-12-19,PED-01157,Sul,SC,Computadores,Notebook Pro,Ana Lima,Loja física,Pago,4,5663.36,4178.87
2025-12-19,PED-01242,Sul,RS,Serviços,Implantação de Rede,Gustavo Rocha,Parceiros,Pago,1,3251.32,1172.02
2025-12-20,PED-00482,Centro-Oeste,DF,Periféricos,Monitor 27,Bruno Silva,Venda direta,Pago,5,1562.97,1050.16
2025-12-20,PED-00963,Centro-Oeste,DF,Infraestrutura,Switch Gerenciável,Bruno Silva,Loja física,Pago,1,1924.39,1357.31
2025-12-21,PED-00029,Sudeste,SP,Infraestrutura,Firewall Appliance,Ana Lima,Online,Parcelado,1,5564.68,3681.29
2025-12-21,PED-00270,Sul,PR,Serviços,Suporte Remoto,Diego Santos,Online,Pago,1,498.15,130.72
2025-12-22,PED-00914,Sudeste,SP,Computadores,Mini PC,Bruno Silva,Loja física,Pago,5,2993.26,2274.18
2025-12-23,PED-00536,Nordeste,BA,Infraestrutura,Switch Gerenciável,Diego Santos,Parceiros,Pago,1,1911.65,1274.23
2025-12-23,PED-00700,Sudeste,SP,Serviços,Suporte Remoto,Diego Santos,Venda direta,Pendente,2,481.99,132.93
2025-12-25,PED-00582,Norte,AM,Serviços,Implantação de Rede,Ana Lima,Loja física,Pago,2,3205.82,1226.24
2025-12-25,PED-00919,Centro-Oeste,MT,Infraestrutura,Access Point,Bruno Silva,Loja física,Pago,3,1101.88,677.34
2025-12-26,PED-01010,Sudeste,RJ,Computadores,Notebook Pro,Diego Santos,Loja física,Pendente,2,6010.89,4197.44
2025-12-26,PED-01262,Sudeste,MG,Periféricos,Mouse Sem Fio,Diego Santos,Loja física,Pago,5,199.27,99.3
2025-12-26,PED-01346,Norte,RO,Periféricos,Teclado Mecânico,Ana Lima,Venda direta,Pago,3,473.72,274.09
2025-12-27,PED-00615,Sudeste,MG,Serviços,Consultoria TI,Ana Lima,Loja física,Pendente,2,2048.85,565.39
2025-12-27,PED-01201,Sudeste,RJ,Infraestrutura,Switch Gerenciável,Diego Santos,Parceiros,Parcelado,3,1962.59,1285.1
2025-12-28,PED-01251,Norte,RO,Infraestrutura,Access Point,Fernanda Costa,Online,Pendente,3,1059.39,683.93
2025-12-29,PED-01008,Sul,RS,Periféricos,Mouse Sem Fio,Diego Santos,Online,Pago,2,202.02,99.37
2025-12-31,PED-00694,Sudeste,ES,Infraestrutura,Access Point,Bruno Silva,Venda direta,Pago,1,1079.43,647.15
2025-12-31,PED-00755,Sul,SC,Computadores,Desktop Business,Diego Santos,Online,Pago,2,4642.34,3424.94
2025-12-31,PED-01031,Sudeste,RJ,Serviços,Consultoria TI,Carla Souza,Loja física,Pendente,1,1910.04,520.92
2026-01-01,PED-00721,Sul,PR,Serviços,Consultoria TI,Gustavo Rocha,Venda direta,Pendente,2,2051.19,551.1
2026-01-01,PED-01306,Sul,PR,Computadores,Notebook Pro,Carla Souza,Online,Pago,4,5642.55,4464.29
2026-01-02,PED-01392,Nordeste,BA,Infraestrutura,Switch Gerenciável,Diego Santos,Loja física,Pago,1,2006.5,1345.43
2026-01-04,PED-01286,Centro-Oeste,GO,Serviços,Implantação de Rede,Fernanda Costa,Venda direta,Pago,1,3149.9,1231.27
2026-01-05,PED-00953,Sul,PR,Periféricos,Mouse Sem Fio,Gustavo Rocha,Parceiros,Pendente,2,217.54,106.95
2026-01-06,PED-01040,Norte,PA,Serviços,Consultoria TI,Fernanda Costa,Online,Parcelado,1,1927.42,537.6
2026-01-06,PED-01288,Sudeste,MG,Computadores,Mini PC,Bruno Silva,Venda direta,Pago,5,3163.33,2349.68
2026-01-07,PED-00040,Nordeste,CE,Serviços,Implantação de Rede,Bruno Silva,Venda direta,Pendente,2,3253.94,1244.19
2026-01-07,PED-00222,Sudeste,RJ,Computadores,Mini PC,Gustavo Rocha,Online,Pago,1,3316.22,2219.52
2026-01-10,PED-00198,Sudeste,MG,Infraestrutura,Firewall Appliance,Carla Souza,Loja física,Pendente,2,5100.2,3804.91
2026-01-11,PED-00539,Sul,SC,Computadores,Notebook Pro,Fernanda Costa,Online,Pago,3,6234.75,4463.37
2026-01-11,PED-01095,Nordeste,BA,Periféricos,Monitor 27,Diego Santos,Venda direta,Pago,5,1661.4,1120.27
2026-01-11,PED-01163,Sul,RS,Infraestrutura,Access Point,Fernanda Costa,Venda direta,Pago,4,1056.23,672.87
2026-01-12,PED-00762,Sudeste,MG,Serviços,Suporte Remoto,Gustavo Rocha,Parceiros,Pendente,2,536.13,140.46
2026-01-14,PED-00671,Centro-Oeste,GO,Infraestrutura,Switch Gerenciável,Carla Souza,Venda direta,Pendente,2,1908.36,1380.53
2026-01-14,PED-00692,Centro-Oeste,MS,Periféricos,Teclado Mecânico,Bruno Silva,Venda direta,Pago,2,444.07,293.4
2026-01-15,PED-01364,Sudeste,ES,Serviços,Suporte Remoto,Ana Lima,Venda direta,Pago,2,523.99,133.42
2026-01-16,PED-00770,Nordeste,PE,Computadores,Mini PC,Diego Santos,Online,Pendente,5,3217.61,2344.82
2026-01-17,PED-00505,Sudeste,RJ,Serviços,Suporte Remoto,Fernanda Costa,Parceiros,Pendente,1,503.85,132.8
2026-01-18,PED-01389,Centro-Oeste,GO,Computadores,Desktop Business,Diego Santos,Venda direta,Pago,4,4547.2,3601.09
2026-01-19,PED-00625,Sudeste,SP,Periféricos,Mouse Sem Fio,Fernanda Costa,Loja física,Pendente,5,192.8,102.38
2026-01-19,PED-01398,Nordeste,CE,Serviços,Consultoria TI,Diego Santos,Online,Pago,2,1956.87,555.3
2026-01-20,PED-00472,Sul,RS,Serviços,Implantação de Rede,Gustavo Rocha,Venda direta,Parcelado,1,3057.91,1187.1
2026-01-22,PED-00151,Nordeste,PE,Computadores,Desktop Business,Gustavo Rocha,Venda direta,Pendente,5,4755.3,3647.98
2026-01-24,PED-00438,Sul,RS,Periféricos,Teclado Mecânico,Fernanda Costa,Parceiros,Pago,2,457.27,289.84
2026-01-24,PED-00720,Sudeste,MG,Computadores,Desktop Business,Fernanda Costa,Venda direta,Pago,4,4854.79,3631.29
2026-01-24,PED-01343,Nordeste,BA,Periféricos,Mouse Sem Fio,Gustavo Rocha,Online,Parcelado,4,207.31,105.31
2026-01-25,PED-00804,Sul,RS,Infraestrutura,Switch Gerenciável,Diego Santos,Parceiros,Pago,2,1957.41,1373.19
2026-01-26,PED-00361,Sul,PR,Computadores,Notebook Pro,Fernanda Costa,Parceiros,Pago,2,5742.54,4544.94
2026-01-26,PED-01176,Sudeste,RJ,Computadores,Mini PC,Diego Santos,Venda direta,Pago,1,3003.18,2234.05
2026-01-26,PED-01304,Sul,PR,Computadores,Desktop Business,Ana Lima,Venda direta,Parcelado,4,4653.96,3751.65
2026-01-28,PED-00285,Sudeste,SP,Computadores,Notebook Pro,Bruno Silva,Loja física,Pago,1,5859.22,4343.84
2026-01-28,PED-00917,Nordeste,RN,Computadores,Notebook Pro,Diego Santos,Venda direta,Parcelado,4,6086.67,4344.3
2026-01-30,PED-00104,Centro-Oeste,MS,Computadores,Desktop Business,Ana Lima,Parceiros,Pago,5,4802.21,3747.56
2026-01-31,PED-00453,Centro-Oeste,DF,Periféricos,Monitor 27,Diego Santos,Online,Pago,4,1549.98,1060.0
2026-01-31,PED-01250,Sul,SC,Infraestrutura,Firewall Appliance,Gustavo Rocha,Parceiros,Pago,1,5241.43,3851.64
2026-02-01,PED-01353,Sul,RS,Periféricos,Monitor 27,Carla Souza,Venda direta,Pendente,3,1622.61,1142.66
2026-02-02,PED-00096,Sudeste,MG,Periféricos,Mouse Sem Fio,Carla Souza,Loja física,Pago,3,196.03,104.15
2026-02-02,PED-00800,Nordeste,CE,Periféricos,Mouse Sem Fio,Gustavo Rocha,Parceiros,Pago,5,218.06,111.9
2026-02-02,PED-00817,Sudeste,RJ,Serviços,Suporte Remoto,Bruno Silva,Parceiros,Pendente,1,492.32,137.85
2026-02-03,PED-00099,Nordeste,BA,Serviços,Suporte Remoto,Gustavo Rocha,Venda direta,Parcelado,1,527.91,131.99
2026-02-05,PED-00845,Sudeste,MG,Computadores,Notebook Pro,Gustavo Rocha,Venda direta,Parcelado,4,5485.63,4228.27
2026-02-05,PED-01321,Sul,SC,Infraestrutura,Switch Gerenciável,Diego Santos,Parceiros,Pago,4,1977.4,1401.43
2026-02-06,PED-00034,Sul,PR,Periféricos,Monitor 27,Carla Souza,Venda direta,Pago,4,1534.93,1128.47
2026-02-06,PED-00894,Sudeste,SP,Serviços,Suporte Remoto,Bruno Silva,Parceiros,Pago,1,486.96,133.7
2026-02-06,PED-00976,Nordeste,BA,Serviços,Consultoria TI,Bruno Silva,Loja física,Pendente,1,2087.22,581.56
2026-02-07,PED-00831,Sul,RS,Infraestrutura,Switch Gerenciável,Gustavo Rocha,Loja física,Pago,2,1902.27,1299.1
2026-02-08,PED-00368,Sudeste,RJ,Infraestrutura,Switch Gerenciável,Diego Santos,Venda direta,Pago,1,1985.04,1359.25
2026-02-08,PED-00903,Nordeste,RN,Serviços,Suporte Remoto,Bruno Silva,Loja física,Pago,1,542.3,138.86
2026-02-08,PED-01161,Sul,RS,Infraestrutura,Access Point,Carla Souza,Venda direta,Pendente,1,1081.2,715.76
2026-02-08,PED-01189,Sul,RS,Infraestrutura,Switch Gerenciável,Gustavo Rocha,Parceiros,Parcelado,3,2018.95,1373.03
2026-02-09,PED-00491,Sudeste,SP,Periféricos,Teclado Mecânico,Carla Souza,Online,Pendente,3,494.85,273.02
2026-02-09,PED-00844,Nordeste,BA,Computadores,Mini PC,Bruno Silva,Parceiros,Pago,5,3294.71,2279.39
2026-02-10,PED-00732,Nordeste,RN,Periféricos,Monitor 27,Diego Santos,Parceiros,Pago,4,1623.45,1096.08
2026-02-10,PED-01099,Sul,PR,Infraestrutura,Access Point,Bruno Silva,Online,Parcelado,1,1065.43,720.33
2026-02-11,PED-00130,Sudeste,ES,Infraestrutura,Firewall Appliance,Diego Santos,Parceiros,Pago,3,5176.28,3794.05
2026-02-11,PED-01074,Nordeste,CE,Periféricos,Monitor 27,Diego Santos,Online,Pago,3,1694.6,1117.08
2026-02-11,PED-01350,Sul,PR,Computadores,Desktop Business,Diego Santos,Online,Pendente,3,5144.84,3466.3
2026-02-12,PED-00231,Centro-Oeste,DF,Infraestrutura,Access Point,Carla Souza,Venda direta,Pago,1,1100.87,720.32
2026-02-13,PED-00207,Sul,SC,Serviços,Consultoria TI,Bruno Silva,Venda direta,Pago,2,2048.83,580.13
2026-02-13,PED-00631,Sudeste,SP,Serviços,Consultoria TI,Gustavo Rocha,Loja física,Pago,2,2015.63,566.62
2026-02-14,PED-00829,Sul,PR,Computadores,Notebook Pro,Diego Santos,Loja física,Pago,3,5891.7,4280.32
2026-02-17,PED-01265,Sudeste,SP,Infraestrutura,Firewall Appliance,Bruno Silva,Venda direta,Pago,1,5644.28,3981.43
2026-02-19,PED-00066,Centro-Oeste,GO,Periféricos,Mouse Sem Fio,Fernanda Costa,Parceiros,Pago,4,197.66,107.98
2026-02-19,PED-00118,Sudeste,RJ,Serviços,Consultoria TI,Gustavo Rocha,Parceiros,Pago,1,2070.61,571.77
2026-02-19,PED-00685,Sul,RS,Periféricos,Mouse Sem Fio,Diego Santos,Loja física,Pago,4,212.21,103.63
2026-02-19,PED-00836,Sudeste,SP,Infraestrutura,Firewall Appliance,Carla Souza,Venda direta,Pendente,5,5177.67,4026.74
2026-02-19,PED-01314,Centro-Oeste,DF,Periféricos,Teclado Mecânico,Diego Santos,Online,Parcelado,5,467.44,287.92
2026-02-19,PED-01320,Centro-Oeste,DF,Computadores,Mini PC,Carla Souza,Venda direta,Pendente,4,3365.31,2341.57
2026-02-20,PED-01218,Sul,SC,Infraestrutura,Switch Gerenciável,Fernanda Costa,Loja física,Parcelado,5,1975.4,1375.52
2026-02-21,PED-01272,Sul,RS,Serviços,Implantação de Rede,Diego Santos,Online,Pendente,1,3105.86,1272.38
2026-02-22,PED-01187,Sul,SC,Serviços,Suporte Remoto,Fernanda Costa,Online,Pago,2,539.72,130.85
2026-02-23,PED-00484,Sudeste,MG,Infraestrutura,Switch Gerenciável,Ana Lima,Parceiros,Parcelado,4,2109.54,1292.57
2026-02-24,PED-00826,Sudeste,SP,Periféricos,Teclado Mecânico,Gustavo Rocha,Venda direta,Pago,1,482.54,294.06
2026-02-24,PED-01125,Sudeste,ES,Infraestrutura,Firewall Appliance,Gustavo Rocha,Venda direta,Pago,3,5691.53,3782.82
2026-02-24,PED-01315,Norte,PA,Infraestrutura,Access Point,Carla Souza,Loja física,Pago,5,1035.77,677.38
2026-02-24,PED-01394,Sudeste,ES,Serviços,Implantação de Rede,Bruno Silva,Parceiros,Pago,2,2991.12,1212.96
2026-02-27,PED-00598,Centro-Oeste,GO,Infraestrutura,Access Point,Diego Santos,Venda direta,Pago,2,1050.93,677.16
2026-02-27,PED-00801,Sudeste,MG,Serviços,Implantação de Rede,Bruno Silva,Venda direta,Pago,1,3160.7,1241.78
2026-02-27,PED-00912,Nordeste,CE,Infraestrutura,Firewall Appliance,Fernanda Costa,Parceiros,Pago,3,5622.62,3978.06
2026-02-28,PED-00454,Sudeste,SP,Computadores,Desktop Business,Diego Santos,Parceiros,Pago,5,4640.0,3658.38
2026-02-28,PED-00466,Norte,PA,Computadores,Notebook Pro,Gustavo Rocha,Loja física,Pendente,4,6084.96,4237.77
2026-02-28,PED-00840,Nordeste,CE,Serviços,Consultoria TI,Diego Santos,Loja física,Pago,2,2095.34,571.42
2026-03-01,PED-00233,Centro-Oeste,GO,Computadores,Notebook Pro,Gustavo Rocha,Loja física,Pendente,3,5620.31,4489.03
2026-03-01,PED-00610,Sul,RS,Serviços,Suporte Remoto,Ana Lima,Online,Pendente,2,519.84,138.03
2026-03-02,PED-00573,Centro-Oeste,GO,Periféricos,Mouse Sem Fio,Carla Souza,Online,Pago,3,209.38,112.05
2026-03-04,PED-00161,Sudeste,ES,Periféricos,Mouse Sem Fio,Bruno Silva,Online,Pago,3,209.84,112.11
2026-03-04,PED-01002,Sudeste,SP,Serviços,Implantação de Rede,Ana Lima,Parceiros,Parcelado,2,3175.74,1258.28
2026-03-04,PED-01022,Sul,SC,Infraestrutura,Switch Gerenciável,Carla Souza,Venda direta,Pago,4,2051.33,1415.0
2026-03-05,PED-00147,Sudeste,MG,Computadores,Notebook Pro,Diego Santos,Online,Pago,2,5837.64,4521.47
2026-03-05,PED-00260,Nordeste,PE,Infraestrutura,Firewall Appliance,Bruno Silva,Loja física,Pago,5,5549.44,3835.41
2026-03-05,PED-00465,Sudeste,ES,Periféricos,Monitor 27,Ana Lima,Loja física,Pendente,3,1718.49,1139.57
2026-03-06,PED-00494,Sudeste,SP,Computadores,Mini PC,Carla Souza,Parceiros,Parcelado,4,3144.98,2284.26
2026-03-08,PED-00439,Sul,PR,Serviços,Consultoria TI,Ana Lima,Venda direta,Pago,1,2118.28,566.91
2026-03-08,PED-00509,Sul,PR,Periféricos,Monitor 27,Fernanda Costa,Loja física,Parcelado,5,1672.78,1117.5
2026-03-09,PED-00431,Sudeste,ES,Serviços,Consultoria TI,Ana Lima,Online,Parcelado,1,2048.46,576.79
2026-03-10,PED-00055,Norte,PA,Computadores,Notebook Pro,Bruno Silva,Loja física,Pendente,2,6180.83,4453.39
2026-03-10,PED-00376,Nordeste,PE,Periféricos,Mouse Sem Fio,Fernanda Costa,Parceiros,Parcelado,2,193.11,108.83
2026-03-10,PED-00452,Nordeste,CE,Serviços,Implantação de Rede,Gustavo Rocha,Loja física,Pago,1,3039.39,1189.51
2026-03-10,PED-00578,Sul,PR,Serviços,Implantação de Rede,Carla Souza,Loja física,Pendente,2,3397.2,1215.68
2026-03-10,PED-01276,Nordeste,RN,Computadores,Desktop Business,Bruno Silva,Parceiros,Pago,3,4960.3,3692.43
2026-03-11,PED-00241,Sul,SC,Infraestrutura,Switch Gerenciável,Fernanda Costa,Loja física,Parcelado,3,1880.34,1363.29
2026-03-11,PED-01256,Sudeste,SP,Periféricos,Monitor 27,Ana Lima,Parceiros,Pago,2,1754.5,1139.75
2026-03-12,PED-00238,Sul,SC,Periféricos,Mouse Sem Fio,Ana Lima,Loja física,Pago,4,207.0,104.39
2026-03-14,PED-00019,Sudeste,ES,Periféricos,Monitor 27,Diego Santos,Venda direta,Pago,1,1682.37,1092.58
2026-03-14,PED-00982,Sudeste,MG,Periféricos,Teclado Mecânico,Ana Lima,Loja física,Pago,2,449.92,270.41
2026-03-15,PED-00464,Nordeste,CE,Serviços,Consultoria TI,Bruno Silva,Online,Pago,1,1995.35,582.19
2026-03-15,PED-00954,Sul,SC,Infraestrutura,Firewall Appliance,Gustavo Rocha,Venda direta,Pago,4,5101.71,4029.0
2026-03-15,PED-01172,Sul,SC,Serviços,Consultoria TI,Gustavo Rocha,Parceiros,Pago,1,1944.4,556.57
2026-03-17,PED-00193,Sudeste,MG,Computadores,Notebook Pro,Carla Souza,Parceiros,Pendente,3,5958.86,4250.59
2026-03-17,PED-00588,Centro-Oeste,MS,Computadores,Notebook Pro,Fernanda Costa,Loja física,Parcelado,5,5869.18,4475.77
2026-03-18,PED-00108,Nordeste,BA,Infraestrutura,Access Point,Ana Lima,Online,Pago,2,1118.74,719.09
2026-03-18,PED-00316,Nordeste,PE,Periféricos,Teclado Mecânico,Ana Lima,Parceiros,Pago,1,496.57,270.61
2026-03-18,PED-00345,Nordeste,CE,Infraestrutura,Firewall Appliance,Ana Lima,Online,Pendente,3,5421.78,3818.34
2026-03-18,PED-00528,Norte,AM,Serviços,Consultoria TI,Fernanda Costa,Parceiros,Pago,2,1975.36,568.61
2026-03-18,PED-00559,Centro-Oeste,MS,Periféricos,Teclado Mecânico,Diego Santos,Parceiros,Pago,5,471.79,290.5
2026-03-19,PED-00388,Sudeste,MG,Computadores,Mini PC,Fernanda Costa,Online,Parcelado,3,3189.86,2410.49
2026-03-21,PED-00333,Sul,SC,Serviços,Suporte Remoto,Bruno Silva,Online,Pago,1,487.75,140.11
2026-03-21,PED-01345,Centro-Oeste,GO,Computadores,Mini PC,Bruno Silva,Venda direta,Pago,1,3128.84,2341.74
2026-03-22,PED-00970,Norte,AM,Infraestrutura,Firewall Appliance,Bruno Silva,Venda direta,Parcelado,1,5817.93,4110.63
2026-03-24,PED-00993,Sul,RS,Serviços,Implantação de Rede,Carla Souza,Online,Parcelado,2,3145.07,1270.08
2026-03-26,PED-00091,Sul,SC,Infraestrutura,Switch Gerenciável,Gustavo Rocha,Loja física,Pago,2,1916.23,1344.87
2026-03-28,PED-00563,Sudeste,SP,Infraestrutura,Firewall Appliance,Diego Santos,Parceiros,Pendente,1,5425.64,3958.15
2026-03-29,PED-00441,Sudeste,SP,Infraestrutura,Switch Gerenciável,Fernanda Costa,Venda direta,Pago,2,1974.88,1309.46
2026-03-29,PED-01367,Sudeste,RJ,Serviços,Implantação de Rede,Carla Souza,Online,Pago,1,3089.75,1209.67
2026-04-01,PED-01244,Sul,RS,Infraestrutura,Switch Gerenciável,Bruno Silva,Loja física,Parcelado,5,1966.72,1316.3
2026-04-02,PED-00219,Norte,AM,Infraestrutura,Access Point,Bruno Silva,Loja física,Pago,3,1085.61,673.07
2026-04-02,PED-00392,Sudeste,ES,Computadores,Desktop Business,Ana Lima,Loja física,Parcelado,2,4768.42,3485.78
2026-04-02,PED-01241,Sudeste,SP,Infraestrutura,Switch Gerenciável,Gustavo Rocha,Parceiros,Pago,3,2083.04,1349.95
2026-04-02,PED-01284,Nordeste,RN,Infraestrutura,Switch Gerenciável,Gustavo Rocha,Loja física,Pago,2,1940.59,1340.58
2026-04-03,PED-00716,Sudeste,RJ,Periféricos,Monitor 27,Bruno Silva,Online,Pago,2,1560.32,1060.92
2026-04-04,PED-00261,Sul,SC,Infraestrutura,Firewall Appliance,Carla Souza,Parceiros,Parcelado,5,5207.92,4130.6
2026-04-05,PED-00852,Sul,SC,Serviços,Consultoria TI,Fernanda Costa,Parceiros,Pago,1,1912.48,546.71
2026-04-05,PED-00888,Centro-Oeste,MS,Serviços,Consultoria TI,Gustavo Rocha,Loja física,Pago,1,1978.7,575.27
2026-04-06,PED-00952,Nordeste,BA,Serviços,Implantação de Rede,Diego Santos,Online,Pago,1,3091.69,1205.95
2026-04-08,PED-00141,Nordeste,PE,Infraestrutura,Firewall Appliance,Carla Souza,Venda direta,Parcelado,5,5825.41,3947.11
2026-04-09,PED-01054,Sul,PR,Infraestrutura,Switch Gerenciável,Bruno Silva,Venda direta,Pago,5,2003.06,1305.9
2026-04-12,PED-00434,Nordeste,CE,Serviços,Implantação de Rede,Diego Santos,Venda direta,Parcelado,2,3303.49,1273.49
2026-04-12,PED-01273,Nordeste,RN,Computadores,Notebook Pro,Carla Souza,Online,Pago,5,5652.04,4464.94
2026-04-13,PED-00174,Sudeste,MG,Periféricos,Monitor 27,Carla Souza,Venda direta,Pago,4,1762.39,1105.7
2026-04-15,PED-00015,Sul,RS,Periféricos,Monitor 27,Fernanda Costa,Venda direta,Pago,4,1751.17,1075.74
2026-04-16,PED-01060,Centro-Oeste,DF,Periféricos,Teclado Mecânico,Fernanda Costa,Online,Pago,1,497.89,284.53
2026-04-17,PED-00876,Sudeste,ES,Computadores,Mini PC,Gustavo Rocha,Online,Pago,5,3201.53,2386.08
2026-04-17,PED-00934,Sudeste,SP,Infraestrutura,Switch Gerenciável,Gustavo Rocha,Online,Pago,3,2109.62,1395.74
2026-04-17,PED-01118,Centro-Oeste,MT,Computadores,Notebook Pro,Gustavo Rocha,Venda direta,Pago,1,5917.45,4493.78
2026-04-18,PED-00188,Sudeste,RJ,Infraestrutura,Access Point,Diego Santos,Parceiros,Pendente,3,1184.85,675.16
2026-04-20,PED-00036,Nordeste,PE,Periféricos,Monitor 27,Ana Lima,Parceiros,Pago,2,1625.82,1087.01
2026-04-21,PED-00183,Centro-Oeste,DF,Computadores,Notebook Pro,Diego Santos,Loja física,Pendente,1,5865.42,4381.26
2026-04-21,PED-00398,Centro-Oeste,MS,Periféricos,Mouse Sem Fio,Fernanda Costa,Parceiros,Pago,2,194.39,106.46
2026-04-21,PED-00884,Sul,SC,Serviços,Suporte Remoto,Ana Lima,Venda direta,Pago,1,481.8,131.23
2026-04-21,PED-01266,Sul,RS,Serviços,Suporte Remoto,Gustavo Rocha,Parceiros,Pago,1,538.74,138.89
2026-04-23,PED-00743,Sul,RS,Periféricos,Teclado Mecânico,Fernanda Costa,Online,Pago,4,453.11,288.09
2026-04-23,PED-00813,Nordeste,PE,Serviços,Suporte Remoto,Diego Santos,Venda direta,Pago,1,540.14,138.63
2026-04-23,PED-01144,Sul,RS,Serviços,Consultoria TI,Gustavo Rocha,Online,Pago,2,2044.32,564.47
2026-04-25,PED-00488,Nordeste,BA,Infraestrutura,Access Point,Carla Souza,Parceiros,Pendente,5,1096.22,719.21
2026-04-26,PED-00296,Centro-Oeste,DF,Periféricos,Teclado Mecânico,Carla Souza,Venda direta,Parcelado,2,450.58,276.53
2026-04-26,PED-00638,Nordeste,CE,Infraestrutura,Firewall Appliance,Bruno Silva,Online,Pago,3,5153.03,3989.1
2026-04-26,PED-01183,Sudeste,ES,Infraestrutura,Firewall Appliance,Carla Souza,Parceiros,Pago,4,5440.39,3981.16
2026-04-27,PED-00941,Sul,RS,Periféricos,Monitor 27,Diego Santos,Parceiros,Pago,2,1621.02,1061.96
2026-04-27,PED-01072,Norte,PA,Infraestrutura,Firewall Appliance,Diego Santos,Venda direta,Pago,4,5455.34,4089.38
2026-04-28,PED-00394,Centro-Oeste,MS,Computadores,Mini PC,Ana Lima,Online,Pago,2,2974.12,2364.9
2026-04-29,PED-00031,Sudeste,SP,Infraestrutura,Access Point,Gustavo Rocha,Venda direta,Parcelado,3,1062.23,697.96
2026-04-29,PED-00760,Centro-Oeste,GO,Computadores,Notebook Pro,Gustavo Rocha,Venda direta,Pago,4,5727.92,4314.9
2026-05-01,PED-00574,Sul,SC,Computadores,Mini PC,Gustavo Rocha,Parceiros,Pago,1,3272.01,2293.06
2026-05-02,PED-00067,Sul,PR,Infraestrutura,Access Point,Carla Souza,Online,Pago,3,1041.3,705.01
2026-05-02,PED-00738,Nordeste,RN,Computadores,Mini PC,Fernanda Costa,Parceiros,Pago,1,3341.02,2273.96
2026-05-02,PED-01055,Sul,SC,Infraestrutura,Switch Gerenciável,Ana Lima,Venda direta,Pendente,5,2104.22,1403.42
2026-05-02,PED-01223,Sudeste,MG,Serviços,Implantação de Rede,Bruno Silva,Venda direta,Pago,2,3215.66,1273.7
2026-05-03,PED-00724,Norte,RO,Infraestrutura,Switch Gerenciável,Gustavo Rocha,Online,Pendente,2,2027.41,1333.87
2026-05-04,PED-01169,Sul,PR,Infraestrutura,Firewall Appliance,Ana Lima,Loja física,Pago,1,5586.69,3933.8
2026-05-05,PED-00359,Sudeste,ES,Periféricos,Monitor 27,Carla Souza,Loja física,Pendente,5,1554.65,1133.21
2026-05-05,PED-00477,Norte,PA,Computadores,Notebook Pro,Fernanda Costa,Venda direta,Pendente,1,5912.24,4262.33
2026-05-05,PED-00630,Sudeste,SP,Periféricos,Monitor 27,Carla Souza,Online,Parcelado,3,1646.14,1147.53
2026-05-06,PED-00148,Nordeste,BA,Periféricos,Mouse Sem Fio,Carla Souza,Loja física,Parcelado,2,199.14,102.89
2026-05-06,PED-00551,Sudeste,ES,Infraestrutura,Firewall Appliance,Diego Santos,Online,Parcelado,1,5712.64,3852.68
2026-05-07,PED-00863,Sul,RS,Serviços,Suporte Remoto,Gustavo Rocha,Online,Parcelado,2,487.51,138.05
2026-05-07,PED-01147,Centro-Oeste,MT,Periféricos,Mouse Sem Fio,Diego Santos,Venda direta,Pago,3,205.53,111.94
2026-05-08,PED-00524,Centro-Oeste,MT,Computadores,Notebook Pro,Gustavo Rocha,Parceiros,Parcelado,1,5856.06,4293.81
2026-05-09,PED-00367,Nordeste,BA,Computadores,Mini PC,Diego Santos,Loja física,Pago,2,3192.45,2317.57
2026-05-09,PED-00508,Nordeste,BA,Infraestrutura,Switch Gerenciável,Gustavo Rocha,Parceiros,Pago,4,1939.39,1390.29
2026-05-10,PED-00405,Sudeste,MG,Serviços,Implantação de Rede,Fernanda Costa,Online,Pago,2,3127.52,1225.28
2026-05-11,PED-00013,Centro-Oeste,GO,Periféricos,Teclado Mecânico,Fernanda Costa,Online,Parcelado,2,481.11,290.48
2026-05-12,PED-00761,Centro-Oeste,MT,Computadores,Notebook Pro,Diego Santos,Online,Pago,5,5976.06,4342.26
2026-05-13,PED-00008,Nordeste,BA,Periféricos,Monitor 27,Fernanda Costa,Parceiros,Pago,3,1629.32,1067.81
2026-05-16,PED-00548,Sul,SC,Periféricos,Mouse Sem Fio,Ana Lima,Parceiros,Parcelado,1,202.39,109.76
2026-05-16,PED-01232,Nordeste,RN,Periféricos,Monitor 27,Gustavo Rocha,Loja física,Pago,4,1724.72,1107.56
2026-05-18,PED-00409,Norte,RO,Periféricos,Mouse Sem Fio,Fernanda Costa,Loja física,Pendente,2,203.54,104.6
2026-05-19,PED-00059,Sudeste,ES,Computadores,Desktop Business,Gustavo Rocha,Loja física,Pendente,3,4990.97,3734.43
2026-05-19,PED-00407,Sudeste,SP,Serviços,Consultoria TI,Fernanda Costa,Venda direta,Pago,1,2166.2,569.44
2026-05-19,PED-00446,Centro-Oeste,MT,Serviços,Implantação de Rede,Diego Santos,Online,Pago,2,3217.46,1254.58
2026-05-21,PED-00163,Sul,RS,Periféricos,Teclado Mecânico,Bruno Silva,Loja física,Pendente,5,460.21,295.72
2026-05-21,PED-01337,Sudeste,MG,Computadores,Desktop Business,Bruno Silva,Parceiros,Pago,3,5174.48,3482.11
2026-05-22,PED-00089,Centro-Oeste,MS,Infraestrutura,Firewall Appliance,Ana Lima,Loja física,Pago,4,5750.82,3802.84
2026-05-22,PED-00511,Sudeste,ES,Periféricos,Monitor 27,Ana Lima,Parceiros,Pendente,2,1589.28,1101.87
2026-05-22,PED-00555,Sudeste,MG,Computadores,Notebook Pro,Carla Souza,Online,Pago,5,6187.65,4365.47
2026-05-23,PED-00162,Sul,PR,Serviços,Suporte Remoto,Fernanda Costa,Parceiros,Pago,2,524.6,138.59
2026-05-23,PED-01330,Sul,SC,Periféricos,Mouse Sem Fio,Ana Lima,Parceiros,Parcelado,2,218.09,105.84
2026-05-24,PED-00444,Sudeste,ES,Periféricos,Mouse Sem Fio,Ana Lima,Parceiros,Pago,2,218.69,109.49
2026-05-26,PED-00196,Centro-Oeste,MS,Serviços,Consultoria TI,Bruno Silva,Loja física,Pendente,2,1933.23,575.41
2026-05-26,PED-00860,Sudeste,RJ,Periféricos,Teclado Mecânico,Carla Souza,Loja física,Pago,1,464.63,273.55
2026-05-27,PED-00866,Sudeste,ES,Infraestrutura,Firewall Appliance,Carla Souza,Venda direta,Pendente,2,5840.78,3984.78
2026-05-28,PED-00214,Centro-Oeste,MS,Computadores,Mini PC,Bruno Silva,Venda direta,Pago,4,3396.83,2335.88
2026-05-30,PED-01259,Sudeste,SP,Infraestrutura,Firewall Appliance,Bruno Silva,Parceiros,Pago,2,5615.37,4144.4
2026-05-30,PED-01285,Nordeste,PE,Periféricos,Monitor 27,Ana Lima,Loja física,Pago,5,1699.67,1114.49
2026-05-31,PED-00474,Sudeste,SP,Periféricos,Teclado Mecânico,Diego Santos,Online,Parcelado,3,499.68,284.47
2026-06-01,PED-00172,Centro-Oeste,MT,Serviços,Suporte Remoto,Bruno Silva,Venda direta,Pago,2,514.65,131.47
2026-06-01,PED-00435,Sul,PR,Infraestrutura,Access Point,Gustavo Rocha,Loja física,Pago,4,1139.2,735.26
2026-06-01,PED-00568,Sul,PR,Periféricos,Mouse Sem Fio,Diego Santos,Venda direta,Pago,2,215.05,110.33
2026-06-01,PED-00935,Norte,PA,Periféricos,Teclado Mecânico,Diego Santos,Online,Pago,2,472.08,289.54
2026-06-02,PED-00705,Sul,RS,Infraestrutura,Switch Gerenciável,Fernanda Costa,Venda direta,Pago,1,2064.77,1368.53
2026-06-03,PED-00456,Sudeste,MG,Serviços,Suporte Remoto,Gustavo Rocha,Venda direta,Parcelado,1,520.05,135.75
2026-06-04,PED-01124,Norte,RO,Periféricos,Monitor 27,Fernanda Costa,Loja física,Pago,2,1632.68,1146.63
2026-06-04,PED-01269,Nordeste,CE,Infraestrutura,Firewall Appliance,Carla Souza,Parceiros,Pago,5,5348.26,4034.21
2026-06-05,PED-00288,Sudeste,MG,Infraestrutura,Access Point,Carla Souza,Parceiros,Parcelado,5,1111.77,695.84
2026-06-06,PED-00006,Sul,SC,Serviços,Consultoria TI,Gustavo Rocha,Parceiros,Pago,2,1958.28,560.47
2026-06-06,PED-00513,Sudeste,RJ,Serviços,Implantação de Rede,Gustavo Rocha,Parceiros,Pendente,1,3243.45,1285.5
2026-06-06,PED-01197,Sudeste,ES,Serviços,Suporte Remoto,Fernanda Costa,Online,Parcelado,2,546.16,140.96
2026-06-07,PED-00965,Sul,RS,Serviços,Implantação de Rede,Ana Lima,Parceiros,Pendente,2,3255.74,1202.63
2026-06-08,PED-00520,Sul,RS,Computadores,Desktop Business,Diego Santos,Parceiros,Pago,3,4778.01,3721.5
2026-06-08,PED-01354,Nordeste,RN,Periféricos,Monitor 27,Bruno Silva,Parceiros,Pendente,4,1636.44,1065.54
2026-06-10,PED-00088,Centro-Oeste,GO,Computadores,Desktop Business,Gustavo Rocha,Online,Pago,3,4797.77,3696.79
2026-06-10,PED-00747,Sul,SC,Infraestrutura,Firewall Appliance,Diego Santos,Loja física,Pago,4,5782.2,4074.92
2026-06-10,PED-01355,Centro-Oeste,MS,Infraestrutura,Access Point,Bruno Silva,Loja física,Parcelado,4,1163.65,714.3
2026-06-11,PED-00859,Sul,RS,Computadores,Mini PC,Gustavo Rocha,Venda direta,Parcelado,3,3141.16,2373.42
2026-06-11,PED-01391,Sul,RS,Serviços,Suporte Remoto,Diego Santos,Venda direta,Pago,1,540.18,140.37
2026-06-13,PED-00150,Sudeste,ES,Infraestrutura,Switch Gerenciável,Bruno Silva,Online,Parcelado,1,1957.71,1310.0
2026-06-13,PED-00201,Nordeste,RN,Infraestrutura,Access Point,Fernanda Costa,Loja física,Parcelado,5,1058.35,724.83
2026-06-13,PED-00854,Sul,RS,Infraestrutura,Firewall Appliance,Gustavo Rocha,Online,Pago,4,5275.92,3969.27
2026-06-13,PED-01021,Sul,PR,Computadores,Notebook Pro,Bruno Silva,Loja física,Pago,5,6082.87,4346.0
2026-06-13,PED-01066,Centro-Oeste,DF,Computadores,Notebook Pro,Carla Souza,Parceiros,Parcelado,2,5884.21,4342.81
2026-06-13,PED-01257,Sudeste,ES,Serviços,Consultoria TI,Bruno Silva,Venda direta,Parcelado,1,2187.12,591.81
2026-06-14,PED-00617,Sul,RS,Computadores,Desktop Business,Bruno Silva,Venda direta,Pago,4,5227.02,3647.56
2026-06-15,PED-01108,Sudeste,ES,Serviços,Consultoria TI,Carla Souza,Online,Pago,2,2082.2,570.03
2026-06-16,PED-00354,Centro-Oeste,DF,Computadores,Mini PC,Gustavo Rocha,Online,Pendente,1,3263.66,2227.96
2026-06-16,PED-00423,Sudeste,MG,Periféricos,Monitor 27,Ana Lima,Venda direta,Pago,1,1672.77,1074.85
2026-06-16,PED-01012,Sul,PR,Periféricos,Monitor 27,Gustavo Rocha,Venda direta,Pago,4,1583.09,1065.95
2026-06-17,PED-01026,Centro-Oeste,MS,Periféricos,Teclado Mecânico,Diego Santos,Parceiros,Pago,3,505.13,281.14
2026-06-18,PED-00166,Nordeste,PE,Periféricos,Teclado Mecânico,Ana Lima,Loja física,Pago,5,506.64,272.61
2026-06-21,PED-00377,Sudeste,RJ,Infraestrutura,Switch Gerenciável,Bruno Silva,Loja física,Pendente,3,2127.53,1357.03
2026-06-21,PED-01212,Nordeste,CE,Computadores,Notebook Pro,Bruno Silva,Online,Parcelado,4,5619.2,4263.79
2026-06-22,PED-00176,Nordeste,RN,Infraestrutura,Firewall Appliance,Carla Souza,Parceiros,Pendente,1,5741.87,3950.19
2026-06-22,PED-00522,Sudeste,RJ,Serviços,Implantação de Rede,Ana Lima,Loja física,Parcelado,2,3169.89,1260.54
2026-06-22,PED-01046,Centro-Oeste,MT,Computadores,Notebook Pro,Bruno Silva,Parceiros,Parcelado,3,5935.29,4572.23
2026-06-23,PED-00901,Nordeste,PE,Computadores,Notebook Pro,Gustavo Rocha,Parceiros,Pago,3,5556.56,4387.21
2026-06-23,PED-01133,Sul,RS,Computadores,Notebook Pro,Diego Santos,Parceiros,Pago,3,5757.22,4592.25
2026-06-24,PED-00677,Sul,RS,Computadores,Desktop Business,Gustavo Rocha,Loja física,Pendente,3,5133.66,3711.29
2026-06-25,PED-00586,Centro-Oeste,GO,Periféricos,Monitor 27,Bruno Silva,Venda direta,Pendente,2,1546.01,1162.41
2026-06-25,PED-01166,Centro-Oeste,GO,Infraestrutura,Switch Gerenciável,Fernanda Costa,Venda direta,Pago,3,1997.68,1301.95
2026-06-26,PED-01382,Sudeste,MG,Infraestrutura,Switch Gerenciável,Carla Souza,Loja física,Parcelado,1,2038.2,1329.81
2026-06-27,PED-00736,Nordeste,RN,Periféricos,Teclado Mecânico,Gustavo Rocha,Loja física,Parcelado,1,448.58,279.7
2026-06-28,PED-01298,Norte,PA,Infraestrutura,Switch Gerenciável,Fernanda Costa,Loja física,Pago,1,1955.49,1323.78
2026-06-29,PED-00346,Sul,PR,Serviços,Consultoria TI,Bruno Silva,Loja física,Pago,2,2029.6,586.68
2026-06-30,PED-00898,Centro-Oeste,MS,Infraestrutura,Access Point,Fernanda Costa,Loja física,Pendente,1,1107.75,685.03
